web-scraper-order,web-scraper-start-url,rooms_area_price_raw,address_raw,price_raw,description_raw,text_raw
"1695389149-1","https://www.immoscout24.ch/de/wohnung/mieten/ort-winterthur?pn=6","4 Zimmer, 92 m², CHF 2340.—","8404 Winterthur, ZH","CHF 2340.—","«MÖBLIERT: 4 ZI-WOHNUNG IN WINTERTHUR - OBERWINTERTHUR»","MIETDAUER ab 1. Januar 2024 (mind. 3 Monate) Kein Wlan vorhanden, da ich alles mit Hotspot bediene, 92m², im 2. Stock, 1 Balkon, 1 eigene Garage, Öffentliche Parkplätze in der Nähe, Autobahneinfahrt in der Nähe. Inkl. Heizung, Strom, Wasser, TV (inkl. Anschluss und Abo), ... Weitere Infos, Fragen & Besichtigen: ums.ch/angebots-detail/60467/English: ums.ch/offer-detail/60467/Français: ums.ch/offre-detail/60467/"
"1695389149-2","https://www.immoscout24.ch/de/wohnung/mieten/ort-winterthur?pn=6","1,5 Zimmer, 36 m², CHF 2100.—","Zürcherstrasse 143, 8406 Winterthur, ZH","CHF 2100.—","«BUSINESS APARTMENT - FULLY FURNISHED»","An zentraler Lage in Winterthur vermieten wir eine hochwertig möblierte 1.5-Zimmer-Wohnung. Die Wohnung ist einem modern saniertem und grosszügigen Mehrfamilienhaus in Winterthur. Grosszügige Fenster garantieren einen lichtdurchfluteten Raum mit angenehmer Wohnatmosphäre. Die Wohnung verfügt zudem über eine Loggia, grosse Dusche mit Glastrennwand, moderne Küche und einem praktischen Grundriss.Die Bushaltestelle befindet sich nur wenige Meter entfernt und bringt Sie bequem zum Hauptbahnhof Winterthur. In der nahen Umgebung befinden sich zahlreic"
"1695389149-3","https://www.immoscout24.ch/de/wohnung/mieten/ort-winterthur?pn=6","4,5 Zimmer, 89 m², CHF 2490.—","Freiestrasse 57, 8406 Winterthur, ZH","CHF 2490.—","«Top moderne und gehobene Wohnung»","Wir vermieten per 1. Oktober 2023 oder nach Vereinbarung eine moderne 4.5-Zimmerwohnung im 2. OG mit grossem Home-Office Raum im Dachgeschoss (kann auch als zusätzliche Wohnfläche oder Spielfläche genutzt werden). Die Wohnung besticht mit einem durchdachten Raum- sowie Materialisierungskonzept und verfügt über einen top Ausbaustandard. Die Highlights kurz zusammengefasst:- Heller Plattenbelag im Wohn-/Küchenbereich und Schlafzimmer- Stillvolle weisse Küche mit Granit-Abstellfläche, Glaskeramikherd, Backofen und Steamer und Kühlschrank mit Gefri"
"1695389149-4","https://www.immoscout24.ch/de/wohnung/mieten/ort-winterthur?pn=6","3,5 Zimmer, 97 m², CHF 2171.—","Neustadtgasse 1a, 8400 Winterthur, ZH","CHF 2171.—","«Leben im Zentrum von Winterthur»","Sind sie auf der Suche nach einem neuen Zuhause im Herzen von Winterthur? Dann haben wir das perfekte Objekt für Sie! Mitten in der Altstadt von Winterthur vermieten wir eine gemütliche 3.5 Zimmer-Wohnung. Die Wohnung im 3. Obergeschoss erreichen Sie mit dem Lift und via Treppe gelangen Sie in das Studio, welches im Dachgeschoss liegt. Die Wohnung bietet Ihnen folgende Highlights:praktischer Grundrissoffene Küche mit Geschirrspüler, Glaskeramikherd und hochliegendem Backofenoffener Wohn-/Essbereich eigener Waschturmzentrale LageFür einen Besich"
"1695389149-5","https://www.immoscout24.ch/de/wohnung/mieten/ort-winterthur?pn=6","3,5 Zimmer, 171 m², Preis auf Anfrage","Ernst-Jung-Gasse 16B, 8400 Winterthur, ZH","Preis auf Anfrage","«Erstbezug in 3.5 Zimmer-Maisonette-Wohnung in Winterthur»","Wir bieten per Juni 2023 dieses aussergewöhnliche Duplex-Apartment an, welches sowohl als reines Büro/Atelier wie auch als reiner Wohnraum genutzt werden kann. Es befindet sich in der neuen Lokstadt Überbauung und ist sehr zentral gelegen. Die Siedlung bietet viele Opportunitäten und befindet sich wenige Gehminuten vom Bahnhof Winterthur entfernt. In der unteren Etage findet man eine offene und moderne Küche mit höchstem Ausbaustandard sowie eine grosszügige Wohnfläche mit einem separaten Nassraum. Über die Wendeltreppe wird man in den oberen B"
"1695389149-6","https://www.immoscout24.ch/de/wohnung/mieten/ort-winterthur?pn=6","2,5 Zimmer, 55 m², CHF 1770.—","Wülflingerstrasse 155, 8408 Winterthur, ZH","CHF 1770.—","«Urbanes Wohnerlebnis»","Per sofort oder nach Vereinbarung vermieten wir diese schöne 2.5-Zimmerwohnung im Herzen von Winterthur. Die Wohnung bietet Ihnen folgende Annehmlichkeiten: - Schlafzimmer mit Laminatboden- Küche und Nasszelle mit pflegeleichtem Boden- Grosses Wohnzimmer mit viel Tageslicht- Helles und geräumiges Zimmer- Küche mit Glaskeramikherd, Geschirrspüler, und ausreichend Stauraum für Ihre Küchenutensilien- Badezimmer mit WC, Lavabo, Spiegelschrank und Dusche- Korridor mit praktischen Einbauschränken- Waschküche und Trockenraum zur Mitbenutzung Haustiere"
"1695389149-7","https://www.immoscout24.ch/de/wohnung/mieten/ort-winterthur?pn=6","2,5 Zimmer, 55 m², CHF 2450.—","Tössfeldstrasse 67, 8406 Winterthur, ZH","CHF 2450.—","«Exklusives Business Apartment»","An zentraler Lage in Winterthur vermieten wir eine hochwertig möblierte 2.5-Zimmer-Wohnung. Die Wohnung ist einem modern saniertem und grosszügigen Mehrfamilienhaus in Winterthur. Grosszügige Fenster garantieren einen lichtdurchfluteten Raum mit angenehmer Wohnatmosphäre. Die Wohnung verfügt zudem über einen Balkon, grosse Badewanne, Reduit in der Wohnung, moderne Küche und einem praktischen Grundriss.Die Bushaltestelle befindet sich nur wenige Meter entfernt und bringt Sie bequem zum Hauptbahnhof Winterthur. In der nahen Umgebung befinden sich"
"1695389149-8","https://www.immoscout24.ch/de/wohnung/mieten/ort-winterthur?pn=6","1,5 Zimmer, 36 m², CHF 2100.—","Zürcherstrasse 143, 8406 Winterthur, ZH","CHF 2100.—","«BUSINESS APARTMENT - Voll möbliert»","An zentraler Lage in Winterthur vermieten wir eine hochwertig möblierte 1.5-Zimmer-Wohnung. Die Wohnung ist in einem modernen Mehrfamilienhaus in Winterthur. Grosszügige Fenster garantieren einen lichtdurchfluteten Raum mit angenehmer Wohnatmosphäre. Die Wohnung verfügt über eine Loggia, grosse Dusche mit Glastrennwand, eigene WM/TU, eine moderne Küche und einem praktischen Grundriss.Die Bushaltestelle befindet sich nur wenige Meter entfernt und bringt Sie bequem zum Hauptbahnhof Winterthur. In der nahen Umgebung befinden sich zahlreiche Restau"
"1695389149-9","https://www.immoscout24.ch/de/wohnung/mieten/ort-winterthur?pn=6","3,5 Zimmer, 88 m², CHF 1990.—","Wieshofstrasse 24, 8408 Winterthur, ZH","CHF 1990.—","«Renovierte Altbauwohnung in Wülflingen»",""
"1695389149-10","https://www.immoscout24.ch/de/wohnung/mieten/ort-winterthur?pn=6","3,5 Zimmer, 85 m², CHF 2716.—","Hirschweg 35, 8405 Winterthur, ZH","CHF 2716.—","«MODERNE Attika-Wohnung in Winterthur!»","Diese schöne Attika-Wohnung befindet sich in Winterthur im Stadtkreis Seen. Diverse Einkaufsmöglichkeiten, Restaurants und Schulen befindet sich in unmittelbarer Nähe. Das Einkaufszentrum Shopping Seen ist in 4 Fahrminuten oder 12 Minuten zu Fuss erreichbar. Der Autobahnzubringer ist nur in zwei Fahrminute entfernt. Bei den publizierten Bildern handelt es sich um typenähnliche / typengleiche Wohnungen. Abweichungen zum effektiven Angebot sind deshalb möglich. Highlights:moderne Küche mit hochwertigen Geräten lichtdurchfluteter Wohn-/EssbereichB"
"1695389149-11","https://www.immoscout24.ch/de/wohnung/mieten/ort-winterthur?pn=6","1,5 Zimmer, 46 m², CHF 2200.—","Kanzleistrasse 57, 8405 Winterthur, ZH","CHF 2200.—","«Modernes Design Business Apartment»","In Winterthur Seen vermieten wir ein hochwertig möbliertes 1.5-Zimmer-Apartment mit 46 m2 Wohnfläche. Das Apartment befindet sich in einer rundum erneuerten Liegenschaft gleich neben dem S-Bahnhof Winterthur Seen. Grosse Fenster garantieren einen lichtdurchfluteten Raum mit angenehmer Wohnatmosphäre. Die Wohnung verfügt über eine geräumigen Balkon, eine grosse Badewanne mit Dusche, eine abgetrennte und moderne Küche sowie einen individuellen Grundriss. Bei diesem Apartment kann ein Autoabstellplatz dazugemietet werden.Der S-Bahnhof befindet sic"
"1695389149-12","https://www.immoscout24.ch/de/wohnung/mieten/ort-winterthur?pn=6","1,5 Zimmer, 46 m², CHF 2200.—","Kanzleistrasse 57, 8405 Winterthur, ZH","CHF 2200.—","«Modernes Design Business Apartment»","In Winterthur Seen vermieten wir ein hochwertig möbliertes 1.5-Zimmer-Apartment mit 46 m2 Wohnfläche. Das Apartment befindet sich in einer rundum erneuerten Liegenschaft gleich neben dem S-Bahnhof Winterthur Seen. Grosse Fenster garantieren einen lichtdurchfluteten Raum mit angenehmer Wohnatmosphäre. Die Wohnung verfügt über eine geräumigen Balkon, eine grosse Badewanne mit Dusche, eine abgetrennte und moderne Küche sowie einen individuellen Grundriss. Bei diesem Apartment kann ein Autoabstellplatz dazugemietet werden.Der S-Bahnhof befindet sic"
"1695389149-13","https://www.immoscout24.ch/de/wohnung/mieten/ort-winterthur?pn=6","4 Zimmer, 100 m², CHF 3125.—","8400 Winterthur, ZH","CHF 3125.—","«MÖBLIERT, TEMPORÄR: 4 ZIMMER-DACHWOHNUNG IN WINTERTHUR - STADT»","MIETDAUER ab 1. Januar 2024 bis 30. Juni 2024 (mind. 6 Monate) Erleben Sie den Charme der historischen Altstadt von Winterthur in dieser einzigartigen 4-Zimmer-Wohnung! Die Wohnung ist komplett möbliert und bietet Ihnen ein komfortables und stilvolles Wohnen, 100m², im 3. Stock, mit Lift, Öffentliche Parkplätze in der Nähe, Autobahneinfahrt in der Nähe. Inkl. Heizung, Strom, Wasser, Internet, TV (inkl. Anschluss und Abo), ... Weitere Infos, Fragen & Besichtigen: ums.ch/angebots-detail/60158/English: ums.ch/offer-detail/60158/Français: ums.ch/of"
"1695389149-14","https://www.immoscout24.ch/de/wohnung/mieten/ort-winterthur?pn=6","4,5 Zimmer, CHF 2200.—","Tösstalstrasse 234, 8405 Winterthur, ZH","CHF 2200.—","«4.5 Zimmerwohnung zu vermieten in Winterthur Seen befristet bis März 2024»","Wir vermieten an sehr guter Lage in Winterthur Seen eine 4.5 Zimmerwohnung - befristet bis März 2024 mit Küche, Bad / WC, Wohnzimmer und weiterem Raumangebot.Einkaufsmöglichkeiten, Gastronomie, Schulen und Tankstellen auch in der Nähe.Haben wir Ihr Interesse geweckt? Rufen Sie uns an für einen Besichtigungstermin.Wir freuen uns auf Sie!Westdoor AG"
"1695389149-15","https://www.immoscout24.ch/de/wohnung/mieten/ort-winterthur?pn=6","3,5 Zimmer, 80 m², CHF 2232.—","8400 Winterthur, ZH","CHF 2232.—","«MÖBLIERT, TEMPORÄR: 3½ ZI-WOHNUNG IN WINTERTHUR - WÜLFLINGEN»","MIETDAUER ab 3. Januar 2024 bis 17. Mai 2024 (mind. 4 Monate) Charmante Altbau Wohnung im Erdgeschoss in einem ruhigen & freundlichen Quartier mit viel umliegender Natur & trotzdem nah am Bahnhof, 80m², im 1. Stock, 1 Terrasse, Garten, Gartensitzplatz (zur Mitbenützung), Öffentliche Parkplätze in der Nähe. Inkl. Heizung, Strom, Wasser, Internet, ... Weitere Infos, Fragen & Besichtigen: ums.ch/angebots-detail/60119/English: ums.ch/offer-detail/60119/Français: ums.ch/offre-detail/60119/"
"1695389149-16","https://www.immoscout24.ch/de/wohnung/mieten/ort-winterthur?pn=6","2,5 Zimmer, 62 m², CHF 2220.—","8400 Winterthur, ZH","CHF 2220.—","«MÖBLIERT, TEMPORÄR: 2½ ZI-WOHNUNG IN WINTERTHUR - VELTHEIM»","MIETDAUER ab 4. Dezember 2023 bis 23. Februar 2024. Gemütliche 2 1/2 Zimmerwohnung im Quartier Veltheim, unmittelbar in der Nähe der Busstation Bachtelstrasse, Bahnhof Winterthur in 10 Minuten und Einkaufsmöglichkeiten in 5 Minuten zu Fuss erreichbar, 62m², im 1. Stock, Gartensitzplatz (zur Mitbenützung), 1 eigener Parkplatz, Öffentliche Parkplätze in der Nähe. Inkl. Heizung, Strom, Wasser, Internet, TV (inkl. Anschluss und Abo), ... Weitere Infos, Fragen & Besichtigen: ums.ch/angebots-detail/60152/English: ums.ch/offer-detail/60152/Français: u"
"1695389149-17","https://www.immoscout24.ch/de/wohnung/mieten/ort-winterthur?pn=6","3,5 Zimmer, 78 m², CHF 2090.—","Wülflingerstrasse 233a, 8408 Winterthur, ZH","CHF 2090.—","«Charmante, helle 3.5 Zi Maisonettwohnung mit Gartensitzplatz»",""
"1695389149-18","https://www.immoscout24.ch/de/wohnung/mieten/ort-winterthur?pn=6","2,5 Zimmer, 55 m², CHF 2350.—","Eichliackerstrasse 8, 8406 Winterthur, ZH","CHF 2350.—","«Business- Appartement möbliert zu vermieten»","Wir vermieten eine modern möblierte 2.5 Zimmer Wohnung in Winterthur.Das 2.5 Zimmer Apartment liegt an zentraler und ruhiger Lage, in der Nähe des Hauptbahnhofes und Autobahnanschluss Winterthur-Töss.Zürich erreicht man mit dem Zug in weniger als 15 Minuten.Die Wohnung liegt Nahe des Naherholungsgebietes Töss. Das Apartment ist ausgestattet mit Internetanschluss, Internettelefon, Digital-TV, Radio-CD-Player, DVD, moderner Küche mit Granitabdeckung, GK, GS, Nespresso-Kaffeemaschine.Besichtigungen finden nach Vereinbarung statt."
"1695389149-19","https://www.immoscout24.ch/de/wohnung/mieten/ort-winterthur?pn=6","2 Zimmer, 47 m², CHF 1770.—","Neumarkt 7, 8400 Winterthur, ZH","CHF 1770.—","«Altstadtwohnung am Neumarkt»",""
"1695389149-20","https://www.immoscout24.ch/de/wohnung/mieten/ort-winterthur?pn=6","1 Zimmer, 18 m², CHF 995.—","Unterwegli 7, 8400 Winterthur, ZH","CHF 995.—","«modern möbliertes Zimmer im Zentrum von Winterthur»","Per sofort verfügbares möbliertes Zimmer in Winterthur. Sie können bequem alles zu Fuss erreichen.Alle Nebenkosten sind im Mietzins inklusive. Ein kostenloses WLAN ist ebenfalls im Mietzins inklusive.Komplett möbliert mit schnellen WLan, grossem LCD TV etc. sehr modern!Wie benötigen keine Betreibungsauszüge oder Referenzen. Wir geben allen Menschen eine Chance."
"1695389149-21","https://www.immoscout24.ch/de/wohnung/mieten/ort-winterthur?pn=6","8,5 Zimmer, 214 m², CHF 4730.—","Hobelwerkweg 43, 8404 Winterthur, ZH","CHF 4730.—","«Clusterwohnungen»","Es geht los - wir starten mit der Vermietung im Hobelwerk!Die Baugenossenschaft mehr als wohnen realisiert auf einem ehemaligen Industrie-Areal in Oberwinterthur ein neues «Leuchtturmprojekt», das Hobelwerk. Auf rund 15'0000 Quadratmetern Land entstehen 5 Häuser mit mehr als 160 Wohnungen mit ganz verschiedenen Grössen und Zuschnitt. Dazu gibt es Gewerberäume und viele gemeinschaftlich genutzte Flächen. Neue Wohn- und Arbeitsformen werden, genauso wie Mitwirkung, Gemeinschaft und Nachhaltigkeit, gefördert. Viele weitere Informationen zur Genoss"
"1695389149-22","https://www.immoscout24.ch/de/wohnung/mieten/ort-winterthur?pn=6","3 Zimmer, 50 m², CHF 1600.—","Langwiesenstrasse 16, 8408 Winterthur, ZH","CHF 1600.—","«3-Zimmer-Wohnung in Winterthur-Wülflingen zu Vermieten»",""
"1695389149-23","https://www.immoscout24.ch/de/wohnung/mieten/ort-winterthur?pn=6","1 Zimmer, CHF 950.—","8400 Winterthur, ZH","CHF 950.—","«günstiges möbliertes Zimmer in Winterthur»","Wir bieten Ihnen ein gepflegtes möbliertes Zimmer in Winterthur an. Die Wohnung wird wöchentlich wird - und dieser Service ist bereits in der Miete enthalten. Sauberkeit ist uns sehr wichtig!Das Zimmer ist hell und modern eingerichtet, mit einem bequemen Bett, einem Tisch mit Stuhl, einem grossen Kleiderschrank, Lampen, einem Regal und einem LCD-TV. Sie erhalten zudem kostenloses WLAN.Alle Nebenkosten, einschliesslich Strom, Wasser und Heizung, sind in der Miete enthalten.Sie teilen sich das Badezimmer und die Küche mit freundlichen und ruhigen"
"1695389149-24","https://www.immoscout24.ch/de/wohnung/mieten/ort-winterthur?pn=6","1 Zimmer, CHF 1300.—","Obergasse, 8400 Winterthur, ZH","CHF 1300.—","«Studio im Zentrum von Winterthur»","Mitten in der Altstadt vermieten wir schöne Studios. Sie können bequem alles zu Fuss erreichen. Die Hochschulen bzw. der Hauptbahnhof sind ebenfalls in wenigen Gehminuten erreichbar.Alle Nebenkosten sind im Mietzins inklusive. ein kostenloses WLAN ist ebenfalls im Mietzins inklusive.Ihr Studio wird vor dem Einzug neu gestrichen. Die Küche und das Badezimmer sind etwas älter aber in einem einwandfreien und gepflegten Zustand. Ein Lift ist vorhanden.Wir machen keine Massenbesichtigungen, sondern nehmen uns für jeden einzelnen Interessenten persön"
"1695389153-25","https://www.immoscout24.ch/de/wohnung/mieten/ort-winterthur?pn=5","2,5 Zimmer, 65 m², CHF 1930.—","Wässerwiesenstrasse 22, 8408 Winterthur, ZH","CHF 1930.—","«2.5-Zimmer-Wohnung im Gartenhof Quartier»","Diese 2.5-Zimmerwohnung im 3.Stock befindet sich in der Siedlung Gartenhof in Winterthur und bietet folgende Annehmlichkeiten. - Moderne Küche mit Glaskeramik und Geschirrspüler- Eigener Waschturm- Eine Nasszelle- Balkon- Feinsteinzeugplatten in den Nasszellen und in der Küche- Matt versiegelten Eichenparkett in Wohn-, Schlafzimmer und Korridor- Kellerabteil- Einstellplatz kann für CHF 140.- / 190.- dazugemietet werden Bitte nehmen Sie zur Kenntnis, dass es sich um Musterfotos handelt. Die Überbauung Gartenhof bietet idealen Lebensraum für alle"
"1695389153-26","https://www.immoscout24.ch/de/wohnung/mieten/ort-winterthur?pn=5","3,5 Zimmer, CHF 1840.—","Im Schützenbühl 3, 8405 Winterthur, ZH","CHF 1840.—","«Wohnen im Grünen und doch Stadtnah!»","Sind Sie auf der Suche nach einer Wohnung zum wohlfühlen? Dann ist diese Wohnung genau das Richtige für Sie! Nachstehendes und vieles mehr bietet Ihnen die Wohnung im Schützenbühl:- Helle Küche mit Geschirrspüler- Geräumiges Badezimmer mit Badewanne und Fenster- Helle und grosszügige Räumlichkeiten- Gemütlicher Balkon zum verweilenDesweitern befinden sich diverse Einkaufmöglichkeiten in Gehnähe.Wir freuen uns auf Ihre Kontaktaufnahme, damit wir einen Besichtigungstermin vereinbaren können."
"1695389153-27","https://www.immoscout24.ch/de/wohnung/mieten/ort-winterthur?pn=5","3 Zimmer, 70 m², CHF 1860.—","8406 Winterthur, ZH","CHF 1860.—","«MÖBLIERT, TEMPORÄR: 3 ZI-WOHNUNG IN WINTERTHUR (ZH)»","MIETDAUER ab 1. Januar 2024 bis 30. Juni 2024 (mind. 5 Monate) 70m², im 3. Stock, Autobahneinfahrt in der Nähe. Inkl. Heizung, Strom, Wasser, Internet, TV (inkl. Anschluss und Abo), ... Weitere Infos, Fragen & Besichtigen: ums.ch/angebots-detail/60581/English: ums.ch/offer-detail/60581/Français: ums.ch/offre-detail/60581/"
"1695389153-28","https://www.immoscout24.ch/de/wohnung/mieten/ort-winterthur?pn=5","2,5 Zimmer, 70 m², CHF 2160.—","8400 Winterthur, ZH","CHF 2160.—","«MÖBLIERT, TEMPORÄR: 2½ ZI-WOHNUNG IN WINTERTHUR - STADT»","MIETDAUER ab 1. Oktober 2023 bis 31. Dezember 2023. sehr helle und wunderschöne Altbauwohnung, zentral (5 Min. vom Bahnhof), im 4. Stock, mit eigenem Balkon und Dachterrasse zur Mitbenutzung, 70m², im 4. Stock, mit Lift, 1 Balkon, Öffentliche Parkplätze in der Nähe. Inkl. Heizung, Strom, Wasser, Internet, ... Weitere Infos, Fragen & Besichtigen: ums.ch/angebots-detail/60603/English: ums.ch/offer-detail/60603/Français: ums.ch/offre-detail/60603/"
"1695389153-29","https://www.immoscout24.ch/de/wohnung/mieten/ort-winterthur?pn=5","1 Zimmer, 32 m², CHF 920.—","Wurmbühlstrasse 12, 8405 Winterthur, ZH","CHF 920.—","«Grosszügige 1-Zimmer-Wohnung mit Balkon!»","Besichtigungstermine:Mittwoch, 27. September 2023 von 19:00 - 20:00 UhrDonnerstag, 28. September 2023 von 19:00 - 20:00 UhrPer 01.12.2023 wird diese grosse 1-Zimmer-Wohnung in Winterthur-Seen frei. Der Bahnhof Seen sowie diverse Einkaufsmöglichkeiten sind in Gehdistanz.Die Wohnung verfügt über:- Einbauküche- Bad/WC- grosszügiges Entrée- Balkon- KellerabteilHaben wir Ihr Interesse geweckt? Dann nehmen Sie an dem oben genannten Besichtigungstermin teil. Eine Voranmeldung ist nicht nötig."
"1695389153-30","https://www.immoscout24.ch/de/wohnung/mieten/ort-winterthur?pn=5","2 Zimmer, 56 m², CHF 1473.—","Lindenstrasse 22, 8400 Winterthur, ZH","CHF 1473.—","«Zentral und in ruhiger 30er Zone»",""
"1695389153-31","https://www.immoscout24.ch/de/wohnung/mieten/ort-winterthur?pn=5","2,5 Zimmer, 45 m², CHF 1380.—","Strittackerstrasse 16, 8406 Winterthur, ZH","CHF 1380.—","«Helle 2.5 Zimmerwohnung in Stadtnähe Winterthur»","Die Besichtigung findet - ohne Voranmeldung - wie folgt statt:Samstag. 23. September 2023 von 10.00 Uhr bis 11.00 UhrBitte klingeln Sie bei Kuna. Ihre Fragen werden gerne vor Ort beantwortet.Diese 2.5-Zimmerwohnung mit ca. 45m2 befindet sich in familienfreundlicher Umgebung. In der Siedlung gibt es verschiedene Möglichkeiten, die zum Spielen und Verweilen einladen. Im Quartier befinden sich Kinderhort, Kindergarten und Primarschulen. Zum Bahnhof Töss und zur Bushaltestelle gelangen Sie in wenigen Gehminuten. In nächster Umgebung befindet sich d"
"1695389153-32","https://www.immoscout24.ch/de/wohnung/mieten/ort-winterthur?pn=5","4,5 Zimmer, 107 m², CHF 2500.—","Im Grüntal 10, 8405 Winterthur, ZH","CHF 2500.—","«Ihr neues Zuhause im Grüntal-Quartier»","Die Besichtigungen finden ohne Voranmeldung wie folgt statt:- Montag, 25.09.2023, 18:00 Uhr - 19:30 UhrGerne dürfen Sie bei den Mietern Del Gaizo / Maina klingeln. Ihre Fragen werden Ihnen gerne vor Ort beantwortet.Im sonnigen und ruhigen Quartier in Winterthur vermieten wir diese grosszügige 4.5-Zimmerwohnung per 1.12.2023 oder nach Vereinbarung.Die Wohnüberbauung "" Im Grüntal"" befindet sich inmitten des Quartiers im Grüntal. Die Bushaltestelle Grüntal ist direkt gegenüber der der Überbauung. Die Umgebung ist sehr familienfreundlich und bietet"
"1695389153-33","https://www.immoscout24.ch/de/wohnung/mieten/ort-winterthur?pn=5","5,5 Zimmer, 153 m², CHF 3059.—","Gernstrasse 32, 8409 Winterthur, ZH","CHF 3059.—","«wohnen mit Charme in Riegelbau»","Ab dem 1. Dezember 2023 vermieten wir diese tolle 5.5-Zimmerwohnung im 1. OG mit ca. 153m2 Wohnfläche.Folgendes erwartet Sie:-Grosser Wohn-/Essbereich mit offener Küche-Küche mit Granitabdeckung, Glaskeramikherd, Geschirrspüler und Steamer-Eingangsbereich, Wohn-/Essbereich/Küche und Nasszellen mit Plattenböden-4 Schlafzimmer mit Parkettboden -Cheminée-Grosses Badezimmer mit Badewanne, Dusche und Doppelwaschtisch-Separates WC mit Dusche-Balkon-Eigenes Kellerabteil-Lift-Waschküche zur Mitbenützung (WM/TB)* Bemerkung zum Grundrissplan:Keine Gewähr"
"1695389153-34","https://www.immoscout24.ch/de/wohnung/mieten/ort-winterthur?pn=5","3,5 Zimmer, 86 m², CHF 2350.—","Riedhofstrasse 45, 8408 Winterthur, ZH","CHF 2350.—","«Neue moderne 3.5-Zimmerwohnung an zentraler Lage»",""
"1695389153-35","https://www.immoscout24.ch/de/wohnung/mieten/ort-winterthur?pn=5","3,5 Zimmer, 82 m², CHF 1690.—","Stadlerstrasse 58, 8404 Winterthur, ZH","CHF 1690.—","«Grosszügige lichtdurchflutete 3.5 Zimmerwohnung»",""
"1695389153-36","https://www.immoscout24.ch/de/wohnung/mieten/ort-winterthur?pn=5","2,5 Zimmer, 65 m², CHF 1490.—","Rankstrasse 11, 8408 Winterthur, ZH","CHF 1490.—","«Loft in Winterthur»",""
"1695389153-37","https://www.immoscout24.ch/de/wohnung/mieten/ort-winterthur?pn=5","4 Zimmer, 80 m², CHF 2300.—","Schaffhauserstrasse 83, 8400 Winterthur, ZH","CHF 2300.—","«Zwei Reisevögel fliegen aus! (möbliert)»",""
"1695389153-38","https://www.immoscout24.ch/de/wohnung/mieten/ort-winterthur?pn=5","3,5 Zimmer, 110 m², CHF 2940.—","8400 Winterthur, ZH","CHF 2940.—","«MÖBLIERT, TEMPORÄR: 3½ ZI-WOHNUNG IN WINTERTHUR - VELTHEIM»","MIETDAUER ab 1. November 2023 bis 1. November 2024 (mind. 10 Monate, nach Absprache) Nebst atemberaubender Aussicht und Sonnenstunden auf der Terrasse, einer super Lage bietet die Wohnung alles was man für ein Jahr in Winterthur braucht, 110m², im 2. Stock, 1 Terrasse, Gartensitzplatz (zur Mitbenützung), 1 eigener Parkplatz, Öffentliche Parkplätze in der Nähe, Autobahneinfahrt in der Nähe. Inkl. Heizung, Strom, Wasser, ... Weitere Infos, Fragen & Besichtigen: ums.ch/angebots-detail/60554/English: ums.ch/offer-detail/60554/Français: ums.ch/offre"
"1695389153-39","https://www.immoscout24.ch/de/wohnung/mieten/ort-winterthur?pn=5","3 Zimmer, 77 m², CHF 1927.—","Hammerweg 1, 8404 Winterthur, ZH","CHF 1927.—","«Ruhige Wohnlage und doch sehr zentral»","Die Wohnung befindet sich in einem gepflegten Mehrfamilienhaus. Sie ist ideal für Einzelpersonen oder ein Paar, die eine optimale Anbindung an den öffentlichen Verkehr zu schätzen wissen. Die S-Bahn ist in 15 Gehminuten erreichbar, der Bus in 5 Gehminuten. In unmittelbarer Nähe befinden sich Einkaufsmöglichkeiten. Für Ihre Wohnqualität: - Parkett in Wohn-/Schlafzimmer - Küche mit Glaskeramikherd und praktischen Einbauschränken - Badezimmer/WC - Einbauschrank in Korridor - Sonniger Balkon - Kellerabteil für zusätzlichen StauraumZusätzlich auf Wu"
"1695389153-40","https://www.immoscout24.ch/de/wohnung/mieten/ort-winterthur?pn=5","4,5 Zimmer, 112 m², CHF 3970.—","Ernst-Jung-Gasse 18, 8400 Winterthur, ZH","CHF 3970.—","«ERSTBEZUG - Exklusive zentralgelegene 4.5-Zi. Eigentumswohnung»",""
"1695389153-41","https://www.immoscout24.ch/de/wohnung/mieten/ort-winterthur?pn=5","2,5 Zimmer, 85 m², CHF 1800.—","Wülflingerstrasse 136, 8408 Winterthur, ZH","CHF 1800.—","«Schönes Wohnen Nähe Autobahn und Bushaltestelle»",""
"1695389153-42","https://www.immoscout24.ch/de/wohnung/mieten/ort-winterthur?pn=5","1,5 Zimmer, 35 m², CHF 1620.—","8400 Winterthur, ZH","CHF 1620.—","«MÖBLIERT, TEMPORÄR: 1½ ZI-WOHNUNG IN WINTERTHUR»","MIETDAUER ab 1. Dezember 2023 bis 29. Februar 2024. Erst kürzlich renoviert. Das Winterthurer Technikum ist zu Fuss in nur drei Minuten erreichbar, 35m², im 1. Stock, mit Lift, Autobahneinfahrt in der Nähe. Inkl. Heizung, Strom, Wasser, Internet, TV (inkl. Anschluss und Abo). + Endreingigung CHF 150.-, ... Weitere Infos, Fragen & Besichtigen: ums.ch/angebots-detail/60510/English: ums.ch/offer-detail/60510/Français: ums.ch/offre-detail/60510/"
"1695389153-43","https://www.immoscout24.ch/de/wohnung/mieten/ort-winterthur?pn=5","3,5 Zimmer, 102 m², CHF 3290.—","Oberer Graben 34, 8400 Winterthur, ZH","CHF 3290.—","«3.5 Zimmerwohnung in Winterthur»",""
"1695389153-44","https://www.immoscout24.ch/de/wohnung/mieten/ort-winterthur?pn=5","6,5 Zimmer, 143 m², CHF 3017.—","Am Eulachpark 25, 8404 Winterthur, ZH","CHF 3017.—","«Sie suchen die spezielle Maisonettewohnung?»","- Maisonettwohnung (Wohnen auf zwei Stockwerken) - Bodenbeläge Riemenparkett- Raumhohe Fenster- Grosszügige Küche mit Geschirrspüler und Glaskeramik- Waschturm (WA/WT) im Reduit- Bad/WC mit Doppellavabo- Dusche/WC- Lift- Balkon- Einstellplätze vorhandenDie Bilder zeigen den Standard der Liegenschaft und entsprechen nicht immer der angebotenen Wohnung."
"1695389153-45","https://www.immoscout24.ch/de/wohnung/mieten/ort-winterthur?pn=5","4,5 Zimmer, 117 m², CHF 3782.—","8400 Winterthur, ZH","CHF 3782.—","«MÖBLIERT, TEMPORÄR: 4½ ZI-WOHNUNG IN WINTERTHUR - MATTENBACH»","MIETDAUER ab 15. Dezember 2023 bis 31. März 2024 (mind. 2 Monate) Moderne und helle Wohnung in sehr ruhigem Wohnquartier (Sidi-Areal). Wenige Gehminuten in die Altstadt. Einkaufsmöglichkeiten, Restaurants, Postfiliale, Schwimmbad alles in unmittelbarer Nähe, 117m², im 2. Stock, mit Lift, 1 Balkon, Öffentliche Parkplätze in der Nähe, Autobahneinfahrt in der Nähe. Inkl. Heizung, Strom, Wasser, Internet, TV (inkl. Anschluss und Abo), ... Weitere Infos, Fragen & Besichtigen: ums.ch/angebots-detail/60441/English: ums.ch/offer-detail/60441/Français:"
"1695389153-46","https://www.immoscout24.ch/de/wohnung/mieten/ort-winterthur?pn=5","3,5 Zimmer, 80 m², CHF 1980.—","Wülflingerstrasse 25, 8400 Winterthur, ZH","CHF 1980.—","«Schöne 3.5-Zimmerwohnung mit Balkon zu vermieten»","Wir vermieten per 01. Dezember 2023 diese grosszügige 3.5-Zimmerwohnung im 3.OG in Winterthur. Das Stadtzentrum Winterthur ist in wenigen Minuten erreichbar.Einkaufsmöglichkeiten und öffentliche Verkehrsmitel befinden sind in unmittelbarer Nähe. Der moderne Innenausbau von der 78 m2 grossen Wohnung bietet Ihnen: - Helles Wohnzimmer mit Parkett und Zugang auf den sonnigen Balkon- Zwei grosszügige Schlafzimmer- Küche mit viel Komfort wie z.B. grosser Kühlschrank, sep. Gefrierfach, Granitabdeckung etc.- Schönes saniertes Bad mit dunklen Bodenplatt"
"1695389153-47","https://www.immoscout24.ch/de/wohnung/mieten/ort-winterthur?pn=5","2,5 Zimmer, 66 m², CHF 2400.—","Ida-Sträuli-Strasse 39, 8404 Winterthur, ZH","CHF 2400.—","«Exklusive 2.5-Zimmer-Wohnung im Herzen des Komforts in Winterthur»","Inmitten des 2019 errichteten Sue&Til-Komplexes erwartet Sie eine 2.5-Zimmer-Wohnung, die sich direkt am Eulachpark erstreckt. Diese moderne Wohnung steht ab sofort zur Verfügung oder kann nach individueller Vereinbarung bezogen werden. Die Verkehrsanbindung ist herausragend: Eine Bushaltestelle liegt vor der Haustür, während der Hegi Bahnhof lediglich eine Minute entfernt ist ideal für Pendler und Reisende. Die Wohnung beeindruckt mit einer hochmodernen Küche, ausgestattet mit Geschirrspüler, Kombi-Steamer, Induktionsherd und grossem Kühlschra"
"1695389153-48","https://www.immoscout24.ch/de/wohnung/mieten/ort-winterthur?pn=5","4,5 Zimmer, 112 m², CHF 3360.—","8400 Winterthur, ZH","CHF 3360.—","«MÖBLIERT, TEMPORÄR: 4½ ZI-WOHNUNG IN WINTERTHUR - STADT»","MIETDAUER ab sofort bis 28. November 2023 (mind. 1 Monat) Tolle möblierte 4.5 Zimmer Wohnung in bester Lage zur Zwischenmiete, 112m², 1 Balkon, 1 Einstellhallenplatz (optional CHF 150.-). Inkl. Heizung, Strom, Wasser, Internet, ... Weitere Infos, Fragen & Besichtigen: ums.ch/angebots-detail/57489/English: ums.ch/offer-detail/57489/Français: ums.ch/offre-detail/57489/"
"1695389157-49","https://www.immoscout24.ch/de/wohnung/mieten/ort-winterthur?pn=4","2,5 Zimmer, 70 m², CHF 2000.—","Schlosshofstrasse 21, 8400 Winterthur, ZH","CHF 2000.—","«Werk 3 - rundum attrakiv leben im 3. Obergeschoss»","Herzlich Willkommen im Werk 3. Das gut erschlossene Sulzer-Areal liegt im Brühlberg-Quartier, nahe dem Einkaufszentrum ""Lokwerk"". Das Stadtzentrum ist zu Fuss und per Buss schnell erreichbar, und die Nähe zur Autobahneinfahrt ""Töss"" bringt motorisierten Bewohnerneine zeitsparende Verkehrsanbindung nach Zürich und zum Flughafen. Das Werk 3 bietet viel Raum für individuelles Wohnen. Mit anderen Worten: Hier finden Sie die nötige Ruhe, für die Erfüllung urbaner und doch ungestörter Wohnträume.Die Wohnung ist mit allem ausgestattet, was von einer z"
"1695389157-50","https://www.immoscout24.ch/de/wohnung/mieten/ort-winterthur?pn=4","3 Zimmer, 61 m², CHF 1590.—","Endlikerstrasse 19, 8400 Winterthur, ZH","CHF 1590.—","«Schöne Wohnung im guten Quartier»","In einem schönen, ruhigen Quartier und doch nah genug am Bahnhof vermieten wir eine 3 Zimmer-Wohnung. Die Wohnung bietet Ihnen: Parkettböden und Platten  helle Küche mit Geschirrspüler  Bad/WC mit Fenster  Balkon mit Aussicht ins Grüne  kein LiftHaben wir Ihr Interesse geweckt? Dann freuen wir uns auf Ihre Kontaktaufnahme!"
"1695389157-51","https://www.immoscout24.ch/de/wohnung/mieten/ort-winterthur?pn=4","3,5 Zimmer, 93 m², CHF 2190.—","Else-Züblinstr. 101, 8404 Winterthur, ZH","CHF 2190.—","«Moderne 3.5-Zimmer-Wohnung im Eulachhof in Oberwinterthur»","In dieser, im Jahr 2007 erstellten, ersten Null-Energie Wohnüberbauung der Schweiz vermieten wir eine grosszügige und kinderfreundliche 3.5-Zimmer-Wohnung mit grosszügigem Balkon.Alle Wohnräume sind mit schönem Eichenparkett ausgelegt. Die offene Küche mit grauen Steinplatten verfügt über Geschirrspüler und Glaskeramikherd. Die Wohnung verfügt über ein Badezimmer mit Badewanne/WC sowie ein separates WC mit Dusche. Der grosszügige Wohn- und Essbereich lädt zum Verweilen ein. Zusätzlichen Stauraum bietet das Reduit mit eigener Waschmaschine/Tumbl"
"1695389157-52","https://www.immoscout24.ch/de/wohnung/mieten/ort-winterthur?pn=4","1 Zimmer, CHF 1000.—","Tösstalstrasse 16, 8400 Winterthur, ZH","CHF 1000.—","«Studio für Studenten/Praktikanten/Auszubildende in der Altstadt»","Unsere möblierten Studios inmitten der Altstadt Wintertur bieten optimale Voraussetzungen für lang- als auch kurzfristige Aufenthalte (mind. 6 Monate) nahe Ihres Ausbildungs- und/oder Arbeitsortes. Folgendes Studio ist per 1. September 2023 verfügbar: Studio Nr. 5 - ca. 17 m² für CHF 1'000.-Wir bevorzugen ordnungsbewusste junge Menschen, Studenten, Praktikanten und Auszubildende, welche nicht rauchen sowie keine Haustiere besitzen. Folgender Service ist im Mietzins inbegriffen:WLAN Zugriffwöchentliche Reinigung der allg. Räume (Küche, Bad, Eing"
"1695389157-53","https://www.immoscout24.ch/de/wohnung/mieten/ort-winterthur?pn=4","1 Zimmer, 18 m², CHF 1088.—","Tösstalstrasse 16, 8400 Winterthur, ZH","CHF 1088.—","«Studio für Studenten/Praktikanten/Auszubildende in der Altstadt»","Unsere möblierten Studios inmitten der Altstadt Wintertur bieten optimale Voraussetzungen für lang- als auch kurzfristige Aufenthalte (mind. 6 Monate) nahe Ihres Ausbildungs- und/oder Arbeitsortes. Folgendes Studio ist per 1. November 2023 verfügbar: Studio Nr. 6 - ca. 18 m² für CHF 1'088.-Wir bevorzugen ordnungsbewusste junge Menschen, Studenten, Praktikanten und Auszubildende, welche nicht rauchen sowie keine Haustiere besitzen. Folgender Service ist im Mietzins inbegriffen:WLAN Zugriffwöchentliche Reinigung der allg. Räume (Küche, Bad, Einga"
"1695389157-54","https://www.immoscout24.ch/de/wohnung/mieten/ort-winterthur?pn=4","2 Zimmer, CHF 1300.—","Espenstrasse 85i, 8408 Winterthur, ZH","CHF 1300.—","«Moderne und trendige Wohnung - grosser Luftraum - 2 Etagen!»","In Winterthur-Wülflingen suchen wir per 1. November 2023 einen Nachmieter für eine moderne und einzigartige 2-Zimmer-Maisonettewohnung. Die Wohnung zeichnet sich durch einen speziellen Grundriss und einem imposanten Luftraum, im Zentrum der Wohnung, aus. Die grosse Fensterfront sorgt für ausreichend Licht in der ganzen Wohnung. Die beiden Etagen sind über eine interne Holztreppe erschlossen.Die Highlights kurz zusammengefasst:Plattenboden in der ganzen WohnungGrosse Fensterfront als LichtquelleRaffstoren elektrisch bedienbarModerne KücheNasszel"
"1695389157-55","https://www.immoscout24.ch/de/wohnung/mieten/ort-winterthur?pn=4","3 Zimmer, CHF 1603.—","Zürcherstrasse 104, 8406 Winterthur, ZH","CHF 1603.—","«Zürcherstrasse 104, 8406 Winterthur»","Diese 3-Zimmerwohnung bietet Ihnen alles, was das Herz begehrt. Einkaufsmöglichkeiten sind mit der Migros direkt in der Liegenschaft vorhanden, eine Apotheke und die Post, sowie Restaurants und Coiffeur ebenfalls. Ausserdem bietet Ihnen die Wohnung folgenden Ausbaustandard: - Küche und Bad mit Plattenboden, Wohnzimmer mit Parkett, alle Zimmer und Korridor mit Laminat - Küche mit Glaskeramik, Geschirrspüler und viel Stauraum - Fantastische Aussicht über Töss Die öffentlichen Verkehrsmittel befinden sich praktisch vor der Haustüre. Parkplätze sin"
"1695389157-56","https://www.immoscout24.ch/de/wohnung/mieten/ort-winterthur?pn=4","3,5 Zimmer, 68 m², CHF 2100.—","Tachlisbrunnenstrasse 8, 8400 Winterthur, ZH","CHF 2100.—","«Ruhig gelegen mit schönster Aussicht!»","Besichtigungstermin:27. September 2023 von 17:00 bis 19:00 Uhr28. September 2023 von 17:00 bis 19:00 UhrSuchen Sie eine moderne Wohnung in Nähe des Lindbergs?Da sind Sie bei uns genau richtig.An schöner Lage ohne Durchgangsverkehr (nur Anwohner), mit Aussicht über Winterthur vermieten wir diese grosszügige 3.5-Zimmer-Wohnung.Die Wohnung verfügt über:- offene Küche mit Geschirrspüler und Glaskeramik- grosszügiges, helles Wohnzimmer mit dunklem Plattenboden- Schlafzimmer und Büro mit Parkettboden- gemeinsamer Veloraum- grosses KellerabteilDie Was"
"1695389157-57","https://www.immoscout24.ch/de/wohnung/mieten/ort-winterthur?pn=4","3 Zimmer, 56 m², CHF 1260.—","Bullingerstrasse 2, 8400 Winterthur, ZH","CHF 1260.—","«Preiswerte 3-Zimmer-Wohnung im Mattenbach-Quartier»","Besichtigung: Freitag, 22. September 2023 von 18.00 - 19.00 UhrPer 1. Dezember 2023 vermieten wir diese 3-Zimmer-Wohnung im 1. OG im ruhigen Mattenbach-Quartier.Die Wohnung verfügt über:- Laminat (Eiche) in sämtlichen Zimmern- Bad und sep. WC- je 1 Estrich- und Kellerabteil- BalkonHaben wir Ihr Interesse geweckt? Dann nehmen Sie an der oben genannten Besichtigung teil. Die jetzige Mieterin Frau Fernandes wird Ihnen die Wohnung gerne unverbindlich zeigen."
"1695389157-58","https://www.immoscout24.ch/de/wohnung/mieten/ort-winterthur?pn=4","3,5 Zimmer, 69 m², CHF 1660.—","Bäumlistrasse 5, 8404 Winterthur, ZH","CHF 1660.—","«Charmante 3,5 Zimmerwohnung im Dorfkern von Oberwinterthur»","Besichtigungstermine finden ohne Voranmeldung wie folgt statt:Montag, 25. September 2023 von 17.00 Uhr bis 18.00 UhrDienstag, 26. September 2023 von 17.00 Uhr bis 18.00 UhrBitte klingeln Sie bei Schneiter/WidmerDiese gemütliche Wohnung liegt im Dorfkern von Oberwinterthur und verfügt über eine gute Anbindung an den ÖV und Autobahn. Einkaufmöglichkeiten und Schulen sind in wenigen Minuten erreichbar.Das Wohnzimmer ist mit einem Parkettboden ausgestattet und lässt verschiedene Wohnideen zu.Die separate Küche verfügt über einen Herd, Kühlschrank m"
"1695389157-59","https://www.immoscout24.ch/de/wohnung/mieten/ort-winterthur?pn=4","3 Zimmer, 66 m², CHF 1790.—","Feldstrasse 11, 8400 Winterthur, ZH","CHF 1790.—","«Wohnung mit Balkon, an zentraler Lage in Winterthur»",""
"1695389157-60","https://www.immoscout24.ch/de/wohnung/mieten/ort-winterthur?pn=4","2 Zimmer, 52 m², CHF 1475.—","Roggenweg 8, 8405 Winterthur, ZH","CHF 1475.—","«Im Grünen Wohnen ""Mietern ohne Kaution""»","- gepflegte Liegenschaft- Wohnbereich Parkett- Zimmer Linoleum- offene Küche- Bad/WC- Balkon- im 2.OG, kein Lift- Kellerabteil- Haustierhaltung auf Anfrage Einstellplätze CHF 120.00 vorhandenDie Bilder zeigen den Standard der Liegenschaft und entsprechen nicht immer der angebotenen Wohnung."
"1695389157-61","https://www.immoscout24.ch/de/wohnung/mieten/ort-winterthur?pn=4","4,5 Zimmer, 106 m², CHF 2290.—","Landvogt-Waser-Strasse 69, 8405 Winterthur, ZH","CHF 2290.—","«Charmante und grosszügige Wohnung in Winterthur Seen»","In einem ruhigen Wohnquartier vermieten wir per sofort oder nach Vereinbarung eine 4.5-Zimmerwohnung, im 4. Obergeschoss (Attika)- Geräumiges Entrée mit Wandschrank- Grosszügige Küche mit Plattenboden, Geschirrspüler, Glaskeramikherd, Backofen, Dunstabzug und Kühlschrank mit separatem Tiefkühler- Helles Badezimmer mit Badewanne und Fenster- Separates Gäste-WC- Alle Zimmer sind mit Parkett ausgestattet- Kellerraum vorhanden- Bahnhof Seen in Gehdistanz Ein Einstellplatz kann für CHF 125.00/mtl. dazu gemietet werden. Bei diesem Gebäude handelt es"
"1695389157-62","https://www.immoscout24.ch/de/wohnung/mieten/ort-winterthur?pn=4","3,5 Zimmer, 93 m², CHF 1950.—","Römerstr. 128, 8404 Winterthur, ZH","CHF 1950.—","«3.5 Zimmerwohnung nahe dem alten Dorfkern Oberi! ""Mieten ohne Kaution""»","Im Dorfkern von Oberwinterthur vermieten wir diese schöne3.5 Zimmerwohnung, profitieren Sie von folgenden Vorzügen.- Moderne Küche mit Glaskeramikherd und Geschirrspüler- Helles Badezimmer mit Dusche und Badewanne - Bodenbelag im Wohnbereich und Korridor Parkett- Schlafzimmer mit Vynil- Praktische Wandschränke im Korridor- Reduit- Kellerabteil- Gut besonnter Balkon- Lift- Ruhige Lage, gepflegte Umgebung- Nähe Einkaufsmöglichkeiten- Gute Verkehrsanbindung(Die Fotos entsprechen dem Standard)"
"1695389157-63","https://www.immoscout24.ch/de/wohnung/mieten/ort-winterthur?pn=4","CHF 1890.—","Jakobstrasse 15, 8400 Winterthur, ZH","CHF 1890.—","«Zentrales Wohnen in der Stadt Winterthur»","Per 1. November 2023 vermieten wir diese charmante 3.5 Zimmerwohnung im 1. Obergeschoss an der Jakobstrasse 15 in Winterthur. Die Wohnung überzeugt mit Ihrer grosszügigen Küche und dem gemütlichen Wohnzimmer. Ebenfalls haben Sie einen kleinen Balkon, auf welchem Sie an lauen Sommerabenden den Tag ausklingen lassen können. Der Bahnhof Winterthur und die Innenstadt ist in 10 Gehminuten erreichbar. Die Wohnung bietet Ihnen ebenfalls folgende Vorzüge: - Küche mit Geschirrspüler- Badezimmer mit Badewanne- Zimmer und Wohnzimmer mit Laminat- Balkon- E"
"1695389157-64","https://www.immoscout24.ch/de/wohnung/mieten/ort-winterthur?pn=4","3,5 Zimmer, 84 m², CHF 1681.—","Neumühlestrasse 63, 8406 Winterthur, ZH","CHF 1681.—","«Genossenschaftswohnung in Winterthur»",""
"1695389157-65","https://www.immoscout24.ch/de/wohnung/mieten/ort-winterthur?pn=4","4,5 Zimmer, CHF 2479.—","Burgstrasse 140, 8408 Winterthur, ZH","CHF 2479.—","«URBAN + NATURNAH - moderne 4.5-Zi-Wohnung mit Blick ins Grüne, Winterthur»","Urban + naturnahMitten in Winterthur, doch unverbaubarer Blick ins Grünelichtvoll, ruhig und sonnig. Saniert für urbane Ästheten.Moderne 4.5-Zimmer-Wohnung für CHF 2'229.-, exkl. NK- Küche mit Miele-Geräten- Badezimmer und Gäste-WC mit grossen Spiegeln- schwellenlose Böden- Balkon und viel Garten zur Mitnutzung- Keller, Velogarage, Waschküche- nach Bedarf Parkplatz oder Garage- in Wülflingen-Veltheim- in der Nähe: Läden, Apotheke, Beck, Wald, Schule und Kindergarten- 7 Velominuten zum HB-Winterthur, 5 Min. zur Bushaltestelle, Autobahn 2 Min.Sin"
"1695389157-66","https://www.immoscout24.ch/de/wohnung/mieten/ort-winterthur?pn=4","3,5 Zimmer, 78 m², CHF 1953.—","Reitergasse 9, 8406 Winterthur, ZH","CHF 1953.—","«Wohnen im Grünen und doch stadtnah»","Eine lichtdurchflutete, grosszügige3.5-Zimmer Minergie-Eckwohnung mit 2 Sitzplätzen, ruhig und sonnig am Rand der Liegenschaft gelegen, könnte Ihr neues Zuhause sein.Rundherum geniessen Sie die Natur und sind trotzdem in wenigen Minuten im Herzen von Winterthur.Die im Eigentumsstandard errichtete Wohnung verfügt in sämtlichen Wohn- und Schlafräumen über eine Bodenheizung, Raumthermostat und Komfortlüftung.Der gesamte Wohnbereich ist mit keramischen Platten verlegt, die Schlafzimmer mit Parkett.Die offene Küche mit Granitabdeckung, Glaskeramikko"
"1695389157-67","https://www.immoscout24.ch/de/wohnung/mieten/ort-winterthur?pn=4","3,5 Zimmer, 69 m², CHF 1530.—","Einfangstrasse 17, 8406 Winterthur, ZH","CHF 1530.—","«Wohnung an ruhiger Lage»","An ruhiger und zentraler Lage vermieten wir diese 3.5-Zimmerwohnung im EG.Folgendes erwartet Sie:- Einfache Küche- Bad/WC - Wohnzimmer Parkett- übrige Räume PVC Bodenbeläge- Balkon- Keller und Estrich- Waschküche zur MitbenützungHaben wir Ihr Interesse geweckt? Zögern Sie nicht uns zu kontaktieren."
"1695389157-68","https://www.immoscout24.ch/de/wohnung/mieten/ort-winterthur?pn=4","4,5 Zimmer, 85 m², CHF 1910.—","Euelstrasse 55, 8408 Winterthur, ZH","CHF 1910.—","«Grosszügige 4,5-Zimmer-Familienwohnung im Erdgeschoss»","Für diese gemütliche Wohnung suchen wir per 1.11.2023 einen neuen Mieter. Die Überbauung befindet sich in der Nähe der Schule und dem Schwimmbad Wülflingen und bietet viel Grünfläche und einen Spielplatz.Die Wohnung wird Sie mit folgenden Eigenschaften für sich gewinnen:- Wohnzimmer, Essbereich und Korridor mit Parkettboden- Alle Schlafzimmer mit Laminatboden- offene Küche mit Glaskeramik- Einbauschränke im Korridor- Bodenheizung- sonniger Sitzplatz- KEIN Geschirrspüler (Eigener Geschirrspüler kann mit Bewilligung eingebaut werden.)Lage:Die Bus"
"1695389157-69","https://www.immoscout24.ch/de/wohnung/mieten/ort-winterthur?pn=4","75 m², CHF 1880.—","Burgstrasse 142, 8408 Winterthur, ZH","CHF 1880.—","«Exklusive Dachloft!»","Neuwertige Dachloft - Wohnung zur Miete.Einzigartig, in Bezug auf Lage, Grundriss, Materialisierung. Freie, unverbaubare Sicht auf Obstbaumwiese und Wald, lichtvoll, urban, ruhig und sonnig.Wohnküche mit Miele Geräten.Elegantes Badezimmer mit Badewanne und eigenem Waschtrockner.Garten zur gemeinsamen Nutzung. Kein BalkonParkplatz und Garagenbox nach Bedarf.Gut geeignet für Single oder Paare.Mitten in Winterthur: 5 Fussminuten zur Bushaltestelle Oberfeld, 2 Minuten zum Autobahnanschluss, 7 Velominuten zum HB-Winterthur.Bezugsbereitschaft: per De"
"1695389157-70","https://www.immoscout24.ch/de/wohnung/mieten/ort-winterthur?pn=4","2 Zimmer, 61 m², CHF 1990.—","Neumarkt 7, 8400 Winterthur, ZH","CHF 1990.—","«Helle Altstadtwohnung mit Balkon und Galeriegeschoss»",""
"1695389157-71","https://www.immoscout24.ch/de/wohnung/mieten/ort-winterthur?pn=4","2,5 Zimmer, 98 m², CHF 1600.—","Hofmannstr. 7, 8405 Winterthur, ZH","CHF 1600.—","«Grosszügige 2.5-Zimmer-Wohnung in Winterthur»","- gepflegte Liegenschaft- im Grünen- Wohnbereich Parkett- Zimmer Textilbodenbelag- offene Küche mit Essbereich- Bad/WC- Einbauschrank- Galerie (27 m2)- Balkon- im 1.OG, kein Lift- Keller-/Estrichabteil- Haustierhaltung auf Anfrage Einstellplätze à Fr. 120.--/mtl. vorhanden(Die Bilder entsprechen dem Standard und können vom Original abweichen)"
"1695389157-72","https://www.immoscout24.ch/de/wohnung/mieten/ort-winterthur?pn=4","3,5 Zimmer, 76 m², CHF 1946.—","Reismühlestr. 3, 8409 Winterthur, ZH","CHF 1946.—","«Gemütlich und modern am Eulachpark»","Innert wenigen Gehminuten gelangen Sie zum Bahnhof Oberwinterthur. Auch der Eulachpark ist bequem zu Fuss erreichbar. Die Liegenschaft wurde 2018 umfassend saniert. Die Wohnung überzeugt mit folgenden Eigenschaften:  - Helle Räume - Moderne, offene Küche mit Geschirrspüler und Sichtbackofen - Gesamte Wohnung mit Parkettboden ausgestattet - Eigener Waschturm in der Wohnung (Waschmaschine und Tumbler) - Modernes Badezimmer mit Badewanne und Fenster - Sonniger Balkon - Glasfaseranschluss - Kellerabteil vorhanden - Lift vorhanden  Zur Allgemeinnutz"
"1695389160-73","https://www.immoscout24.ch/de/wohnung/mieten/ort-winterthur?pn=3","3,5 Zimmer, 86 m², CHF 1764.—","Endlikerstrasse 69, 8400 Winterthur, ZH","CHF 1764.—","«Wohnen an ruhiger, zentraler Lage»","Könnte das Ihr neues Zuhause sein? In ruhiger und dennoch zentraler Lage vermieten wir diese grosszügige Wohnung. Die schöne Dachwohnung ist folgendermassen ausgestattet:Wohnzimmer: Parkettboden und CheminéeEsszimmer: Parkettboden, BodenheizungSchlafzimmer: Parkettboden, BodenheizungKüche: Novilonboden, Schiebetüre, grosser Kühlschrank mit Gefrierschrank, Glaskeramik-Herd, GeschirrspülerBad/WC: Plattenboden, Lavabo, Spiegelschrankgrosser BalkonLiftKeller- und EstrichabteilSpielplatz Die Liegenschaft wird im Frühjahr 2024 saniert. Die Sanierung"
"1695389160-74","https://www.immoscout24.ch/de/wohnung/mieten/ort-winterthur?pn=3","2,5 Zimmer, 70 m², CHF 1615.—","Wülflingerstrasse 349, 8408 Winterthur, ZH","CHF 1615.—","«Zentrale Wohnung zu vermieten»","Wir vermieten eine schöne 2.5-Zimmer-Dachwohnung in Winterthur. Von hier aus sind Sie bestens angeschlossen und erreichen St. Gallen, Zürich und den Flughafen innert Kürze. Die helle Wohnung überzeugt durch:- Schönen Parkettboden- Helle Küche mit Granitabdeckung und Geschirrspüler- Grosszügiges Badezimmer mit eigener Waschmaschine und Tumbler- Einbauschrank- Reduit- Lift vorhanden- Einstellplätze können für CHF 130.00/Monat dazu gemietet werden- Hautiere sind erlaubt- Super Lage, die Badi, Schulen, Shops und vieles mehr finden Sie in der nähere"
"1695389160-75","https://www.immoscout24.ch/de/wohnung/mieten/ort-winterthur?pn=3","3,5 Zimmer, 74 m², CHF 1920.—","Hohfurristrasse 91, 8408 Winterthur, ZH","CHF 1920.—","«Traumhafte 3.5-Zimmerwohnung in Wülflingen zu vermieten»","Wir vermieten per 01. Januar 2024 diese schöne 3.5-Zimmerwohnung mit grossem Balkon und wunderbarer Aussicht ins Grüne. Die Liegenschaft wurde im 2014 neu erstellt und befindet sich an ruhiger Lage im Grünen und mit direktem Zugang zum Naherholungsgebiet Brüelberg. Das Zentrum Wülflingen ist zu Fuss in ca. 10 Minuten erreichbar. Der Autobahnanschluss Richtung Zürich/St. Gallen ist ebenfalls innert Kürze zu erreichen. Die ungefähre Fahrzeit mit der Buslinie Nr. 2 in die Altstadt Winterthur dauert ca. 15 bis 20 Minuten. Wülflingen verfügt über ei"
"1695389160-76","https://www.immoscout24.ch/de/wohnung/mieten/ort-winterthur?pn=3","4,5 Zimmer, 96 m², CHF 2615.—","Eichenweg 83, 8408 Winterthur, ZH","CHF 2615.—","«Schöne 4.5-Zimmerwohnung mit Aussicht auf Winterthur»","Wir vermieten per 01. November 2023 diese schöne 4.5-Zimmerwohnung im 2.OG mit Balkon. Die Liegenschaft wurde im 2014 neu erstellt und befindet sich an ruhiger Lage im Grünen und mit direktem Zugang zum Naherholungsgebiet Brüelberg. Das Zentrum Wülflingen ist zu Fuss in ca. 10 Minuten erreichbar. Der Autobahnanschluss Richtung Zürich/St. Gallen ist ebenfalls innert Kürze zu erreichen. Die ungefähre Fahrzeit mit der Buslinie Nr. 2 in die Altstadt Winterthur dauert ca. 15 - 20 Minuten. Wülflingen verfügt über einen eigenen Zugbahnhof. Diese moder"
"1695389160-77","https://www.immoscout24.ch/de/wohnung/mieten/ort-winterthur?pn=3","3,5 Zimmer, 89 m², CHF 2815.—","Theaterstrasse 27a, 8400 Winterthur, ZH","CHF 2815.—","«zentrale Attikawohnung im Eigentumsstandard»","Zentrale Wohnung im Eigentumsstandart direkt neben dem Swisscom-Tower in Winterthur zu vermieten.In wenigen Gehminuten sind Sie bereits am Hauptbahnhof, an der ZHAW Winterthur oder der schönen Altstadt. Die Stadt Winterthur bietet ein breites Kulturangebot, diverse Ausgehmöglichkeiten, eine wunderschöne Altstadt mit diversen Einkaufsmöglichkeiten und vieles mehr.Das Gebäude bietet neben den diversen Eigentumswohnungen auch ein Bistro, eine kleine 24h-Kapelle sowie verschiedene andere Räume der FEG. Diese hält auch jeweils sonntags ihren Gottesd"
"1695389160-78","https://www.immoscout24.ch/de/wohnung/mieten/ort-winterthur?pn=3","1 Zimmer, 39 m², CHF 1290.—","Gutstrasse 13, 8400 Winterthur, ZH","CHF 1290.—","«Wohnung mit Charme und Stadtnähe!»","Die Wohnung bietet Ihnen: - Helle und lichtdurchflutete Räumlichkeiten- Moderne Küche mit Glaskeramikherd- Wohnzimmer mit Parkett- Schöner Plattenboden in Küche und Bad- Genügend Stauraum dank Einbauschrank und eigenem Kellerabteil Top WohnlageDie Wohnung befindet sich an einer ruhigen Nebenstrasse und ist trotzdem stadtnah, in der Nähe von diversen Einkaufsmöglichkeiten und öffentlichen Verkehrsmittel gelegen.(Die Fotos entsprechen dem Standard - kleine Abweichungen sind möglich.)"
"1695389160-79","https://www.immoscout24.ch/de/wohnung/mieten/ort-winterthur?pn=3","3,5 Zimmer, 101 m², CHF 2335.—","Rümikerstrasse 32, 8409 Winterthur, ZH","CHF 2335.—","«Attika-Wohnung mit toller Weitsicht»","Wir bieten per 1.11.203 folgende 3.5 Zimmer Wohnung in Winterthur an:- Wohnräume und Zimmer Parkett- Küche mit GS und GLK- Tiefkühler mit drei Schubladen- Bad/WC mit Doppellavabo- Sep. Dusche/WC- Grosse Terrassen mit teilweise gedecktem Sitzplatz- Sep. Terrasse- Lift- Busverbindungen zur Innenstadt- viele Einkaufsmöglichkeiten (Coop, Media Markt, Migros, OBI)- Bahnhof Winterthur-Hegi in nächster NäheDie Bilder zeigen den Standard der Liegenschaft und entsprechen nicht immer der angebotenen Wohnung."
"1695389160-80","https://www.immoscout24.ch/de/wohnung/mieten/ort-winterthur?pn=3","4,5 Zimmer, 148 m², CHF 2580.—","Am Eulachpark 21, 8404 Winterthur, ZH","CHF 2580.—","«Die perfekte Wohnung!»","- Neubau 2006 - Bodenbeläge Riemenparkett- Raumhohe Fenster- Waschturm (WA/WT)- Bad/WC mit Doppellavabo- Dusche/WC- schöner Sitzplatz- Eingangslogia- Reduit- Haustiere nicht erlaubtEinstellplätze CHF 145.00 vorhandenDie Bilder zeigen den Standard der Liegenschaft und entsprechen nicht immer genau der angebotenen Wohnung."
"1695389160-81","https://www.immoscout24.ch/de/wohnung/mieten/ort-winterthur?pn=3","4,5 Zimmer, 109 m², CHF 2730.—","Zürcherstrasse 135, 8406 Winterthur, ZH","CHF 2730.—","«Grosszügige und moderne 4.5-Zimmer-Wohnung inmitten von Winterthur»","Wir suchen per 1. Dezember 2023 einen Nachmieter für unsere moderne 4.5-Zimmer-Wohnung in einer sehr gepflegten Überbauung in Winterthur Töss. Die optimale Lage sowie die Nähe zum Naherholungsgebiet macht diese zu einer einmaligen Wohlfühloase!Folgende Highlights zeichnen die Wohnung aus:hochwertiger, dunkler Landhausdielen-Vinylboden in ganzer WohnungViele raumhohe Fenster bringen ausreichend Licht in die Wohnung und gestalten diese durchgehend hell und freundlichFarblich alles abgestimmt und optimales Lichtkonzeptgrosszügiges Schlafzimmer, 17"
"1695389160-82","https://www.immoscout24.ch/de/wohnung/mieten/ort-winterthur?pn=3","3 Zimmer, 77 m², CHF 1880.—","Hammerweg 1, 8404 Winterthur, ZH","CHF 1880.—","«Wohnen in ruhigem Quartier»","Diese Wohnung befindet sich in einem gepflegten Mehrfamilienhaus an erhöhter Lage. Wenn Sie das Stadtleben geniessen und trotzdem gerne ruhig wohnen, ist diese Wohnung genau das Richtige für Sie. Sie ist ideal für Personen, die eine optimale Anbindung an den öffentlichen Verkehr zu schätzen wissen. Die S-Bahn ist in 15 Gehminuten erreichbar. Für Ihre Wohnqualität: - Parkettboden in Wohn- / Schlafzimmer- Küche mit Glaskeramikherd und praktischen Einbauschränken- Badezimmer/WC- Einbauschrank in Korridor- Sonniger Balkon- Kellerabteil für zusätzli"
"1695389160-83","https://www.immoscout24.ch/de/wohnung/mieten/ort-winterthur?pn=3","1 Zimmer, 39 m², CHF 1310.—","Gutstrasse 13, 8400 Winterthur, ZH","CHF 1310.—","«Wohnung mit Charme und Stadtnähe!»","Wir vermieten diese attraktiv gelegene Wohnung, welche ausserdem folgendes zu bieten hat: - Küche modern mit Glaskeramikherd und Granitabdeckung - Parkettboden im Wohnzimmer, Schlafzimmer und Korridor - Plattenboden in Küche und Bad- Genügend Stauraum dank Einbauschrank- Eigener Kellerabteil im Untergeschoss Das Objekt ist in der Nähe von diversen Einkaufsmöglichkeiten, öffentlichen Verkehrsmittel wie auch naturnah gelegen.(Die Fotos entsprechen dem Standard, kleine Abweichungen sind möglich.)"
"1695389160-84","https://www.immoscout24.ch/de/wohnung/mieten/ort-winterthur?pn=3","4,5 Zimmer, 101 m², CHF 3100.—","Wingertlistrasse 18, 8405 Winterthur, ZH","CHF 3100.—","«Neubau Attika»","Voraussichtlich per 1. Januar 2024 vermieten wir eine top moderne, neu erstellte 4.5-Zimmer-Attikawohnung in einem familiären Quartier.Eine moderne, offene Einbauküche mit Granitabdeckung bietet Ihnen einen grosszügigen Arbeitsbereich. Mit den energetischen Küchengeräten wie Induktionsherd und den bequem hochliegenden Backofen- und Steamergeräten lassen sich so manche Gaumenfreuden zaubern. Ein Geschirrspüler sowie ein Kühlschrank mit grossem Tiefkühlabteil runden das Küchenprofil ab.Alle Wohn-/Schlaf- und Essbereiche sind mit heimeligem Eichen"
"1695389160-85","https://www.immoscout24.ch/de/wohnung/mieten/ort-winterthur?pn=3","3,5 Zimmer, 78 m², CHF 2412.—","Wingertlistrasse 18, 8405 Winterthur, ZH","CHF 2412.—","«Neubau Attika»","Per 1. Januar 2024 vermieten wir eine top moderne, neu erstellte 3.5-Zimmer-Attikawohnung in einem familiären Quartier.Eine moderne, offene Einbauküche mit Granitabdeckung bietet Ihnen einen grosszügigen Arbeitsbereich. Mit den energetischen Küchengeräten wie Induktionsherd und den bequem hochliegenden Backofen- und Steamergeräten lassen sich so manche Gaumenfreuden zaubern. Ein Geschirrspüler sowie ein Kühlschrank mit grossem Tiefkühlabteil runden das Küchenprofil ab.Alle Wohn-/Schlaf- und Essbereiche sind mit heimeligem Eichen-Parkettboden au"
"1695389160-86","https://www.immoscout24.ch/de/wohnung/mieten/ort-winterthur?pn=3","3,5 Zimmer, 66 m², CHF 1845.—","Tössfeldstrasse 67a, 8406 Winterthur, ZH","CHF 1845.—","«Wohnen in der topmodernen Überbauung WINTY»","Per 01.12.2023 vermieten wir diese 3.5-Zimmerwohnung im Erdgeschoss an der Tössfeldstrasse 67a in Winterthur- Töss.Die lebendige und hervorragend erschlossene Umgebung macht Ihr neues Zuhause zu einem reizvollen Hotspot. In Ihrer neuen Wohnung sorgt eine hochwertige und extravagante Ausstattung für ein einzigartiges Wohnvergnügen. Der Bahnhof Winterthur Töss befindet sich in unmittelbarer Nähe.Die Wohnung überzeugt mit folgenden Merkmalen:- Waschmaschine & Tumbler in der Wohnung- Moderne Küche mit Induktionskochfeld- Ganze Wohnung verfügt über"
"1695389160-87","https://www.immoscout24.ch/de/wohnung/mieten/ort-winterthur?pn=3","3 Zimmer, 67 m², CHF 1810.—","Rütlistr. 17, 8400 Winterthur, ZH","CHF 1810.—","«Wohnen an ruhiger Quartierstrasse»","Es erwartet Sie eine moderne Wohnung in einem gepflegten Mehrfamilienhaus. Einkaufszentren, die Altstadt und der Anschluss an den öffentlichen Verkehr sind in unmittelbarer Nähe erreichbar.Für Ihre Wohnqualität: - Laminatböden in Wohn- und Schlafzimmer - Offene Küche mit Induktionsherd und Geschirrspüler - Nasszelle mit Bad und separates WC - Sonniger BalkonInteressiert? Dann lohnt sich eine Besichtigung."
"1695389160-88","https://www.immoscout24.ch/de/wohnung/mieten/ort-winterthur?pn=3","4 Zimmer, 85 m², CHF 1813.—","Kreuzstrasse 3, 8400 Winterthur, ZH","CHF 1813.—","«Geräumige und zentrale 4 Zimmer-Wohnung in Winterthur»","Sie suchen nach einer geräumigen und gut gepflegten Wohnung in einer ruhigen Umgebung? Dann ist diese 4-Zimmer-Wohnung genau das Richtige für Sie! Die Wohnung befindet sich in einem gepflegten Zustand und bietet ausreichend Platz für ein Paar oder eine Familie. Die Wohnung zeichnet sich besonders durch ihre zentrale Lage aus, befindet sich jedoch in einer ruhigen Gegend. Es verfügt über vier grosszügige Zimmer, die vielseitig genutzt werden können. Die Küche bietet ausreichend Platz für kulinarische Aktivitäten.  Besonders hervorzuheben ist, da"
"1695389160-89","https://www.immoscout24.ch/de/wohnung/mieten/ort-winterthur?pn=3","3,5 Zimmer, 97 m², CHF 2550.—","Rychenbergstr. 61, 8400 Winterthur, ZH","CHF 2550.—","«Über den Dächern des Haldengutareals»","Günstige Verkehrslage, attraktiver Grundriss, moderne Ausstattung viel Licht und Luft: Diese Vorzüge machen diese im Jahre 2010 erstellte Wohnung zu einem besonders begehrten Ort zum Leben und Sein.Für Ihre Wohnqualität:- Ganze Wohnung mit Parkettboden- Wohnzimmer mit integrierter, moderner Küche- Dusche/WC mit eigenem Waschturm- Wandschrank im Korridor- Grosse Loggia- Kontrollierte Wohnungslüftung- Keller für mehr StauraumZusätzlich auf Wunsch: Einstellplatz CHF 150.-/Monat.Interessiert? Dann lohnt sich eine Besichtigung."
"1695389160-90","https://www.immoscout24.ch/de/wohnung/mieten/ort-winterthur?pn=3","3,5 Zimmer, 89 m², CHF 2377.—","Rychenbergstr. 57b, 8400 Winterthur, ZH","CHF 2377.—","«Urbanes Leben im Haldengutareal»","Günstige Verkehrslage, attraktiver Grundriss, moderne Ausstattung viel Licht und Luft: Diese Vorzüge machen diese im Jahre 2010 erstellte Wohnung zu einem besonders begehrten Ort zum Leben und Sein.Für Ihre Wohnqualität:- Ganze Wohnung mit Parkettboden- Wohnzimmer mit integrierter, moderner Küche- Bad/WC- Dusche/WC mit eigenem Waschturm- Grosse Loggia- Kontrollierte Wohnungslüftung- Keller für zusätzlichen StauraumZusätzlich auf Wunsch: Einstellplatz CHF 150.-/Monat. Interessiert? Dann lohnt sich eine Besichtigung."
"1695389160-91","https://www.immoscout24.ch/de/wohnung/mieten/ort-winterthur?pn=3","3,5 Zimmer, 100 m², CHF 2700.—","Marktgasse 36, 8400 Winterthur, ZH","CHF 2700.—","«Genial gelegene 3.5 Zimmer Wohnung im Herzen von Winterthur»","Interessiert? Unter dem Link BESICHTIGUNGSFORMULAR können Sie sich für eine Besichtigung anmelden.Bahnhof sowie viele Einkaufsmöglichkeiten wie Coop sowie auch Migros. wenige Gehminuten entfernt. Hauptstrasse in unmittelbare Entfernung, die mit der Autobahn verbindet. Altstadt Wohnung gelegen wo das Leben pulsiert und doch ist sie sehr ruhig und gut isoliert.Für Ihre Wohnqualität:Wohnung sehr schön renoviert100m2 die bereit ist zur Benutzung istNeue Küche und Bad/DuscheWaschmaschine und Tumbler in der WohnungEigener KellerabteilGemeinschaftster"
"1695389160-92","https://www.immoscout24.ch/de/wohnung/mieten/ort-winterthur?pn=3","3,5 Zimmer, 101 m², CHF 2210.—","Sulzer-Allee 77, 8404 Winterthur, ZH","CHF 2210.—","«Energie sparen? Wohnung im Minergie-Haus»","Willkommen bei sue&tilTauchen Sie ein, denn hier erwartet Sie eine spritzige, inspirierende und innovative Wohnoase, welche auch Ihr Herz höher schlagen lässt!Wir sind die neue Siedlung im modernen Winterthurer Quartier Neuhegi mit Parks und allem, was es für ein aktives Leben braucht. sue&til legt grossen Wert darauf, Ihnen zahlreiche Highlights und Annehmlichkeiten zu bieten. Sie können sicher sein, dass sue&til Ihnen nicht nur alle Ihre Wünsche an Ihr neues Zuhause erfüllt, sondern viel mehr bietet.Für Ihren Wohnkomfort verfügt die Wohnung ü"
"1695389160-93","https://www.immoscout24.ch/de/wohnung/mieten/ort-winterthur?pn=3","3,5 Zimmer, 95 m², CHF 2610.—","Seuzacherstr. 13b, 8400 Winterthur, ZH","CHF 2610.—","«Modern und zentral! Wohnen über der Shopping-Mall!»","Schöne und moderne Wohnung sucht neuen Bewohner!- Zentrale Lage- Gesamte Wohnung mit Parkett- Offene Küche mit Glaskeramikherd, Geschirrspüler und Backofen- Badezimmer mit Badewanne und separates Badezimmer mit Dusche- Waschmaschine / Tumbler in der Wohnung- Grosser Balkon (Loggia)- Reduit- Kellerabteil- Lift- Minergiewohnüberbauung mit kontrollierter Lüftung- Migros direkt in der Liegenschaft (Einkaufszentrum Rosenberg)- Sehr nahe gelegene Busstation Einstellplatz für CHF 140.- pro Monat Homepage: http://www.james-winterthur.chHaben wir Ihr In"
"1695389160-94","https://www.immoscout24.ch/de/wohnung/mieten/ort-winterthur?pn=3","5 Zimmer, CHF 1850.—","Turmstrasse 68, 8400 Winterthur, ZH","CHF 1850.—","«Perfekte WG-Wohnung mit Gemeinschaftsgarten (befristet bis 30.06.2026)»","Wir vermieten diese einfach ausgebaute und heimelige Wohnung auf zwei Etagen mit grossem GemeinschaftsgartenEs erwartet Sie:Grosse Küche (Neuer Geschirrspüler und Kühlschrank)Badezimmer mit Badewanne im 1.OGSeparates WC mit Lavabo im 2.OGGrosses EstrichabteilGrosser KellerWaschmaschine und Trockner in GemeinschaftswaschkücheGrosser Gemeinschaftsgarten, Unterhalt durch die MieterschaftDie Nebenkosten pro Monat betragen CHF 200.00, pauschal, netto CHF 1650.00.Ein gedeckter Unterstand kann für 100 CHF pro Monat dazu gemietet werden. Das Objekt wir"
"1695389160-95","https://www.immoscout24.ch/de/wohnung/mieten/ort-winterthur?pn=3","2 Zimmer, 46 m², CHF 1435.—","Hobelwerkweg 41, 8404 Winterthur, ZH","CHF 1435.—","«Mix aus Micro-Co-Living und klassischen Wohnungen»","Die Baugenossenschaft mehr als wohnen realisiert auf einem ehemaligen Industrie-Areal in Oberwinterthur ein neues «Leuchtturmprojekt», das Hobelwerk. Auf rund 15'0000 Quadratmetern Land entstehen 5 Häuser mit mehr als 160 Wohnungen mit ganz verschiedenen Grössen und Zuschnitt. Dazu gibt es Gewerberäume und viele gemeinschaftlich genutzte Flächen. Neue Wohn- und Arbeitsformen werden, genauso wie Mitwirkung, Gemeinschaft und Nachhaltigkeit, gefördert. Viele weitere Informationen zur Genossenschaft und zum Projekt erhalten Sie unter www.hobelwerk-"
"1695389160-96","https://www.immoscout24.ch/de/wohnung/mieten/ort-winterthur?pn=3","3,5 Zimmer, 77 m², CHF 1980.—","Dättnauerstr. 133, 8406 Winterthur, ZH","CHF 1980.—","«Stadtnah Wohnen mit Sicht ins Grüne»","Sie sind ein naturverbundener Stadtmensch? Dann finden Sie in der Überbauung Oberwis in Dättnau Ihr neues Zuhause. Direkt vor der Haustüre befindet sich die Haltestelle der Buslinie 5, welche Sie mit dem lebendigen Stadtzentrum von Winterthur verbindet. Im angrenzenden Naherholungsgebiet finden Sie Ruhe und Raum für Aktivitäten im Freien.Für Ihre Wohnqualität: - Plattenböden in Wohn- und Schlafzimmern - Moderne offene Küche mit Geschirrspüler und Induktionsherd - Grosszügige Fensterfronten - Sonniger Balkon - Zwei Kinderspielplätze - Gemeinscha"
"1695389164-97","https://www.immoscout24.ch/de/wohnung/mieten/ort-winterthur?pn=2","3,5 Zimmer, 94 m², CHF 2120.—","Else-Züblin-Str. 78, 8404 Winterthur, ZH","CHF 2120.—","«Höchstmass an Wohngenuss»","Willkommen bei sue&tilTauchen Sie ein, denn hier erwartet Sie eine spritzige, inspirierende und innovative Wohnoase, welche auch Ihr Herz höher schlagen lässt!Wir sind die neue Siedlung im modernen Winterthurer Quartier Neuhegi mit Parks und allem, was es für ein aktives Leben braucht. sue&til legt grossen Wert darauf, Ihnen zahlreiche Highlights und Annehmlichkeiten zu bieten. Sie können sicher sein, dass sue&til Ihnen nicht nur alle Ihre Wünsche an Ihr neues Zuhause erfüllt, sondern viel mehr bietet.Für Ihren Wohnkomfort verfügt die Wohnung ü"
"1695389164-98","https://www.immoscout24.ch/de/wohnung/mieten/ort-winterthur?pn=2","4,5 Zimmer, 104 m², CHF 2310.—","Hegistr. 41e, 8404 Winterthur, ZH","CHF 2310.—","«Wohnen an ruhiger Lage ""Mieten ohne Kaution""»","Suchen Sie eine moderne Wohnung, welche für viel Wohnkomfort sorgt und sich in einer kinderfreundlichen Umgebung befindet. Dann ist diese genau das Richtige für Sie:- Helle Wohnung mit grosszügigem Grundriss- Ganze Wohnung Parkett- Moderne Küche mit Glaskeramik, Geschirrspüler und Backofen- Bad/WC mit Doppellavabo und Fenstern für viel Tageslicht- Sep. Dusche/WC- Eigene Waschmaschine mit Tumbler- Wandschrank mit Garderobe im Eingangsbereich- Balkon- Einstellplätze à CHF 140.00 vorhandenDie Wohnung befindet sich in unmittelbarer Nähe des Bahnhof"
"1695389164-99","https://www.immoscout24.ch/de/wohnung/mieten/ort-winterthur?pn=2","2 Zimmer, 56 m², CHF 1360.—","Weststr. 134, 8408 Winterthur, ZH","CHF 1360.—","«Zentrale Lage in Wülflingen»","An zentraler Lage in Winterthur-Wülflingen vermieten wir diese schöne 2-Zimmerwohnung: - Parkett im Wohnbereich- Keramikplatten in der Küche und im Badezimmer- Schöne Küche mit Geschirrspüler und Glaskeramikherd- Helles Badezimmer mit Badewanne- Sonniger Balkon- In gepflegter Umgebung- Nähe Bushaltestelle (Die Fotos entsprechen dem Standard)"
"1695389164-100","https://www.immoscout24.ch/de/wohnung/mieten/ort-winterthur?pn=2","3,5 Zimmer, 113 m², CHF 2664.—","Sulzerallee 65, 8404 Winterthur, ZH","CHF 2664.—","«Ob alt oder jung - ""ROY"" wird jeder lieben!»","Sind Sie auf der Suche nach einem neuen, modernen zu Hause? Bei uns finden Sie garantiert die perfekte Wohnung, welche Ihren Vorstellungen entspricht.Lassen Sie sich vom hochwertigen Ausbaustandard überzeugen und vereinbaren Sie noch heute einen individuellen Besichtigungstermin.Alle Informationen finden Sie auf unserer Objekthomepage https://www.roy-winterthur.chWir freuen uns auf Ihre Kontaktaufnahme.Die Bilder zeigen den Standard der Liegenschaft und entsprechen nicht immer der angebotenen Wohnung.Wir freuen uns über Ihre Kontaktaufnahme!- G"
"1695389164-101","https://www.immoscout24.ch/de/wohnung/mieten/ort-winterthur?pn=2","4,5 Zimmer, 99 m², CHF 2590.—","Hohfurristrasse 91, 8408 Winterthur, ZH","CHF 2590.—","«Schöne 4.5-Zimmerwohnung in Wülflingen zu vermieten»","Wir vermieten per 01. Oktober 2023 oder nach Vereinbarung diese schöne 4.5-Zimmerwohnung mit wunderbarer Aussicht ins Grüne. Die Liegenschaft wurde im 2014 neu erstellt und befindet sich an ruhiger Lage im Grünen und mit direktem Zugang zum Naherholungsgebiet Brüelberg. Das Zentrum Wülflingen ist zu Fuss in ca. 10 Minuten erreichbar. Der Autobahnanschluss Richtung Zürich/St. Gallen ist ebenfalls innert Kürze zu erreichen. Die ungefähre Fahrzeit mit der Buslinie Nr. 2 in die Altstadt Winterthur dauert ca. 15 bis 20 Minuten. Wülflingen verfügt üb"
"1695389164-102","https://www.immoscout24.ch/de/wohnung/mieten/ort-winterthur?pn=2","1 Zimmer, 39 m², CHF 1317.—","Gutstrasse 13, 8400 Winterthur, ZH","CHF 1317.—","«Wiedervermietung einer wunderschönen Wohnung mit Gartensitzplatz!»","Verfügbar ab: 01.11.2023. Diese Wohnung überzeugt nicht nur durch einen eigenen Sitzplatz sondern auch durch folgende Eigenschaften: - Grosszügiges Wohnzimmer mit direktem Zugang zum Gartensitzplatz - Moderne Küche mit Geschirrspüler und Glaskeramikherd - eigenes Kellerabteil mit LattenverschlagDie ganze Wohnung verfügt über einen Vinyldesignboden. Ebenfalls befinden sich in der Wohnung diverse Fenster, welche die Wohnung ohne künstliches Licht hell erscheinen lassen und mit elektrischen Storen ausgestattet sind.Der Sitzplatz ist 28m2 gross und"
"1695389164-103","https://www.immoscout24.ch/de/wohnung/mieten/ort-winterthur?pn=2","4,5 Zimmer, CHF 1880.—","Auf Pünten 39, 8405 Winterthur, ZH","CHF 1880.—","«schöne 4.5-Zimmerwohnung in Seen»","An ruhiger Lage in Winterthur-Seen, vermieten wir ab sofort oder nach Vereinbarung diese schöne, frisch gestrichene 4.5-Zimmerwohnung im 1. Stock.Folgendes erwartet Sie:- grosse, moderne Küche mit Granitabstellfläche- Wohn- und Elternzimmer mit Parkettboden- Kinderzimmer und Korridor mit Vinylbodenbelag - Badezimmer mit Badewanne - sep. WC- Wandschrank im Wohnzimmer beim Eingang- Balkon- Kellerabteil- Waschküche zur MitbenützungHaben wir Ihr Interesse geweckt? Wir freuen uns von Ihnen zu hören."
"1695389164-104","https://www.immoscout24.ch/de/wohnung/mieten/ort-winterthur?pn=2","3,5 Zimmer, 70 m², CHF 1600.—","Pfaffenwiesenstr. 50, 8404 Winterthur, ZH","CHF 1600.—","«Wohn- und Lebensqualität in Oberi! ""Mieten ohne Kaution""»","Auf der Suche nach einem neuen Zuhause? Wir haben die ideale Wohnung für Sie an ruhiger Lage:- Wohnzimmer Parkett- Schlaf- und Kinderzimmer Linoleum- Grosse Küche mit Glaskeramikherd und Geschirrspüler- Badezimmer mit Badewanne- Wandschränke- Sonniger Balkon - Kinderfreundliche Lage- Gute Einkaufsmöglichkeiten vorhanden- Nähe S-Bahn-Anschluss (Wallrüti)Die Bilder zeigen den Standard der Liegenschaft und entsprechen nicht immer der angebotenen Wohnung."
"1695389164-105","https://www.immoscout24.ch/de/wohnung/mieten/ort-winterthur?pn=2","3,5 Zimmer, 103 m², CHF 2204.—","Else-Züblin-Strasse 104, 8404 Winterthur, ZH","CHF 2204.—","«Traumwohnung sucht neue Mieter!»","Die LageIhr neues Heim liegt direkt vor den Füssen des Eulachparks und lädt zum Verweilen und Erholen ein. In unserer Überbauung MAX wohnen Sie in einem aufstrebenden Quartier mit einer familienfreundlichen Infrastruktur sowie kurzen Gehdistanzen zu Schulen und dem Naherholungsgebiet. Zudem befindet sich auch die International School in Winterthur.Die Buslinie Nr. 14 fährt in unmittelbarer Nähe der Überbauung im Viertelstundentakt zum Bahnhof Winterthur. Mit den ÖV erreichen Sie in 30 Minuten Zürich, 20 Minuten den Flughafen, rund 30 Minuten Sc"
"1695389164-106","https://www.immoscout24.ch/de/wohnung/mieten/ort-winterthur?pn=2","5 Zimmer, 105 m², CHF 2095.—","Kurlistr. 88, 8404 Winterthur, ZH","CHF 2095.—","«Ihr neues Zuhause an ruhiger Lage «Mieten ohne Kaution»»","- Parkett im Wohn- und Essbereich- Schöne, moderne Küche mit Glaskeramikherd und Geschirrspüler- 3 Schlafzimmer- Helles Badezimmer mit Badewanne und Fenster- Sep. WC- Praktische Wandschränke im Korridor- Balkon- Keller und Estrich- Einkauf, Schulen, öffentliche Verkehrsmittel in nächster Nähe> Die Fotos zeigen den Standard."
"1695389164-107","https://www.immoscout24.ch/de/wohnung/mieten/ort-winterthur?pn=2","3,5 Zimmer, 91 m², CHF 2544.—","Rudolfstr. 23, 8400 Winterthur, ZH","CHF 2544.—","«Modernes Wohnen im Herzen der Stadt»","Der luxeriöse Ausbaustandart, die eindrückliche Raumhöhe sowie der exklusive Blick über Winterthur machen das Wohnen im Zentrum der Stadt einmalig. Das Mietobjekt ist wie folgt ausgestattet:- Moderne Küche- hochwertiger Eschenparkett in allen Wohnräumen- zwei Nasszellen mit beigen Natursteinplatten und hochhwertigen Armaturen - eigener Waschturm in der Wohnung- Entrée mit Garderobenschränken- Individuelle Raumaufteilung dank Schiebetüren- Einbauschränke mit viel StauraumParkplätze in der Tiefgarage können dazu gemietet werden.Haben wir Ihr Inte"
"1695389164-108","https://www.immoscout24.ch/de/wohnung/mieten/ort-winterthur?pn=2","3,5 Zimmer, 85 m², CHF 2480.—","St. Gallerstrasse 48, 8400 Winterthur, ZH","CHF 2480.—","«Wohnen im Sidiareal, www.sidiareal.ch»","Modernes Wohnen im Minergie-Standard. Industrielle Architektur in parkähnlicher Umgebung und sehr kinderfreundlicher Zone. Hervorragend ausgebaute Infrastruktur sowie Einkaufsmöglichkeiten, Freizeit- und Fitnessangebote befinden sich in unmittelbarer Nähe. Mit dem öffentlichen Verkehr gelangt man innert 3 Minuten ins Zentrum von Winterthur. Daneben verfügt Winterthur über mehrere Autobahnanschlüsse. Die Wohnung überzeugt mit folgenden Eigenschaften: - Ganze Wohnung mit Eschenparkett ausgestattet - Nasszellen aus Feinsteinzeugplatten - Helles Wo"
"1695389164-109","https://www.immoscout24.ch/de/wohnung/mieten/ort-winterthur?pn=2","3,5 Zimmer, 104 m², CHF 2690.—","St. Gallerstrasse 42e, 8400 Winterthur, ZH","CHF 2690.—","«Wohnen im Sidiareal, www.sidiareal.ch»","Modernes Wohnen im Minergie-Standard. Industrielle Architektur in parkähnlicher Umgebung und sehr kinderfreundlicher Zone. Hervorragend ausgebaute Infrastruktur sowie Einkaufsmöglichkeiten, Freizeit- und Fitnessangebote befinden sich in unmittelbarer Nähe. Mit dem öffentlichen Verkehr gelangt man innert 3 Minuten ins Zentrum von Winterthur. Daneben verfügt Winterthur über mehrere Autobahnanschlüsse. Die Wohnung überzeugt mit folgenden Eigenschaften: - Ganze Wohnung mit Eschenparkett ausgestattet - Nasszellen aus Feinsteinzeugplatten - Helles Wo"
"1695389164-110","https://www.immoscout24.ch/de/wohnung/mieten/ort-winterthur?pn=2","2,5 Zimmer, 75 m², CHF 1990.—","Weizackerstrasse 3, 8405 Winterthur, ZH","CHF 1990.—","«Herrliche 2.5-Zimmer-Attikawohnung mit grosser Terrasse in Winterthur-Seen»","Besichtigungen:Freitag, 15. September 2023 von 18.00 - 19.00 UhrFreitag, 22. September 2023 von 18.00 - 19.00 UhrWir vermieten per 1. Dezember 2023 diese attraktive 2.5-Zimmer-Attikawohnung im beliebten Stadtquartier Winterthur-Seen.Die Wohnung mit Baujahr 2000 überzeugt durch eine grosse Terrasse von 53 m2 mit herrlicher Fernsicht und präsentiert sich in gepflegtem Zustand. Die moderne Küche und das Wohnzimmer mit Schwedenofen sind weitere Highlights der schönen Attikawohnung. Das Knistern im Kamin unterstreicht die erholsamen Momente an kühle"
"1695389164-111","https://www.immoscout24.ch/de/wohnung/mieten/ort-winterthur?pn=2","2,5 Zimmer, 44 m², CHF 1395.—","Reutlingerstr. 15, 8404 Winterthur, ZH","CHF 1395.—","«Ihr neues Zuhause im Grünen!»","In diesem gepflegten Mehrfamilienhaus an ruhiger, idyllischer Lage am Stadtrand erwartet Sie ein zeitgemäss ausgestattetes, preisgünstiges Zuhause. Die Liegenschaft ist verkehrstechnisch sehr gut erschlossen, der Autobahnanschluss ist nur 7 Fahrminuten entfernt. Wer mit dem ÖV unterwegs ist, erreicht die Bushaltestelle in 2 Gehminuten (Buslinie 1). In wenigen Minuten sind diverse Lebensmittelläden mit dem Auto oder Bus erreichbar.Für Ihre Wohnqualität: - Parkettboden in Wohn- und Schlafzimmern - Offene Küche mit Glaskeramikherd und Geschirrspül"
"1695389164-112","https://www.immoscout24.ch/de/wohnung/mieten/ort-winterthur?pn=2","2,5 Zimmer, 73 m², CHF 1669.—","Heiniweg 12, 8404 Winterthur, ZH","CHF 1669.—","«Heimelige Dachwohnung wird frei! ""Mieten ohne Kaution""»","Charmante 2.5-Zimmer Dachwohnung wird frei. Profitieren Sie von folgenden Vorzügen:- Parkettboden in ganzer Wohnung- Plattenboden in Küche und Badezimmer- Moderne Küche mit Geschirrspüler und Glaskeramikherd- Waschmaschine/Tumbler in Küche- Helle Täferdecke- Badezimmer mit Badewanne- Balkon mit toller Aussicht- Estrich- Kein Lift- Ruhige Lage- Gute Einkaufsmöglichkeiten- Nähe S-Bahn-Anschluss (Wallrüti)- Schwimmbad und öffentliche Anlagen in nächster NäheDie Fotos entsprechen dem Standard"
"1695389164-113","https://www.immoscout24.ch/de/wohnung/mieten/ort-winterthur?pn=2","4,5 Zimmer, 89 m², CHF 1985.—","Maienstrasse 8, 8406 Winterthur, ZH","CHF 1985.—","«Wohnglück für Familien»","Wir vermieten per 01.12.2023 diese helle 4.5-Zimmerwohnung in Winterthur.Die Wohnung bietet Ihnen folgende Annehmlichkeiten:- Wohn- und Schlafzimmer sowie Korridor mit Parkettboden- Nasszellen und Küche mit PVC-Boden- Grosszügige und helle Zimmer- Küche mit vier Herdplatten, Backofen und Stauraum für Ihre Küchenutensilien- Badezimmer mit WC, Lavabo, Spiegelschrank, Badewanne und Tageslicht- Separates WC mit Lavabo und Spiegelschrank- Praktischer Einbauschrank im Korridor- Balkon für gemütliche Sonnenstunden- Separates Kellerabteil - Waschküche"
"1695389164-114","https://www.immoscout24.ch/de/wohnung/mieten/ort-winterthur?pn=2","2,5 Zimmer, 61 m², CHF 1270.—","Weizackerstr. 4, 8405 Winterthur, ZH","CHF 1270.—","«Besichtigung: Mittwoch, 27. September 2023 von 17.00 - 18.00 Uhr»","In einer ruhiger und dennoch zentraler Lage im schönen Winterthur-Seen vermieten wir per 1. November 2023 eine helle und gemütliche 2.5-Zimmerwohnung (ca. 61 m2) im 1. OG mit sonnigem Balkon (ca. 12.8 m2).Die Wohnung verfügt über:- halboffene Küche mit Glaskeramikherd, Geschirrspüler und Parkettboden- Korridor, Wohn- / Esszimmer und Schlafzimmer mit Parkettboden- Bad / WC mit PVC-Bodenbelag- praktischer Abstellraum (ca. 2.3 m2) mit PVC-Bodenbelag- Einbauschrank / Garderobe im Korridor sorgt für Stauraum- gemütlicher Balkon- Keller- und Estricha"
"1695389164-115","https://www.immoscout24.ch/de/wohnung/mieten/ort-winterthur?pn=2","1 Zimmer, CHF 1100.—","Rychenbergstrasse 45, 8400 Winterthur, ZH","CHF 1100.—","«1-Zimmer-Wohnung nähe Kantonsspital»","Besichtigung: Montag, 25. September 2023 von 17.00- 17.30 UhrWir vermieten per 1. Oktober 2023 diese zentrale 1-Zimmer-Wohnung in einem ruhigen Wohnquartier am Rychenberg. Das Stadtzentrum ist in wenigen Gehminuten zu erreichen.Die Wohnung verfügt über:- Küche mit Glaskeramikherd- modernes Badezimmer- Parkettboden- sonniger Balkon- Keller- und EstrichabteilSind Sie Interessiert? Dann nehmen Sie an der oben erwähnten Besichtigung teil. Der jetzige Mieter Herr Gerber wird Ihnen die Wohnung gerne unverbindlich zeigen."
"1695389164-116","https://www.immoscout24.ch/de/wohnung/mieten/ort-winterthur?pn=2","3,5 Zimmer, 103 m², CHF 2202.—","Else-Züblin-Strasse 106, 8404 Winterthur, ZH","CHF 2202.—","«Moderne 3.5 Zimmerwohnung»","Die LageMit dem Eulachpark liegt der grösste Winterthurer Park direkt vor den Füssen Ihres neuen Zuhauses und lädt zum Verweilen ein. Hier wohnen Sie in einem aufstrebenden Quartier mit einer familienfreundlichen Infrastruktur, kurzen Gehdistanzen zu Schulen und dem Naherholungsgebiet. Zudem befindet sich auch die International School in WinterthurDie Buslinie Nr. 7 fährt in unmittelbarer Nähe der Überbauung im Viertelstundentakt zum Bahnhof Winterthur. Mit den ÖV erreichen Sie in 30 Minuten Zürich, 20 Minuten den Flughafen, rund 30 Minuten Sch"
"1695389164-117","https://www.immoscout24.ch/de/wohnung/mieten/ort-winterthur?pn=2","3,5 Zimmer, 94 m², CHF 2102.—","Barbara Reinhart-Strasse 46, 8404 Winterthur, ZH","CHF 2102.—","«Wohnen im Eulachpark - trendig und modern!»",""
"1695389164-118","https://www.immoscout24.ch/de/wohnung/mieten/ort-winterthur?pn=2","2,5 Zimmer, 74 m², CHF 1592.—","Heiniweg 10, 8404 Winterthur, ZH","CHF 1592.—","«Helle Dachwohnung mit Balkon ""Mieten ohne Kaution""»","In Oberwinterthur vermieten wir diese schöne Dachwohnung, profitieren Sie von folgenden Vorzügen;- Parkett im Wohn- und Schlafbereich- Helle Täferdecke- Küche mit Geschirrspüler und Glaskeramikherd- Badezimmer mit Badewanne- Balkon mit toller Aussicht- Estrich- Ruhige und doch zentrale Lage- Gute Einkaufsmöglichkeiten in der Nähe- Nahe gelegener S-Bahn-Anschluss (Bahnhof Wallrüti)(Die Bilder entsprechen dem Standard.)"
"1695389164-119","https://www.immoscout24.ch/de/wohnung/mieten/ort-winterthur?pn=2","4,5 Zimmer, 100 m², CHF 2600.—","Schlosshofstrasse 21, 8400 Winterthur, ZH","CHF 2600.—","«Werk 3 - rundum attrakiv leben im 3. Obergeschoss»","Herzlich Willkommen im Werk 3. Das gut erschlossene Sulzer-Areal liegt im Brühlberg-Quartier, nahe dem Einkaufszentrum ""Lokwerk"". Das Stadtzentrum ist zu Fuss und per Buss schnell erreichbar, und die Nähe zur Autobahneinfahrt ""Töss"" bringt motorisierten Bewohnerneine zeitsparende Verkehrsanbindung nach Zürich und zum Flughafen. Das Werk 3 bietet viel Raum für individuelles Wohnen. Mit anderen Worten: Hier finden Sie die nötige Ruhe, für die Erfüllung urbaner und doch ungestörter Wohnträume.Die Wohnung ist mit allem ausgestattet, was von einer z"
"1695389164-120","https://www.immoscout24.ch/de/wohnung/mieten/ort-winterthur?pn=2","4,5 Zimmer, 179 m², CHF 3380.—","Rychenbergstr. 61, 8400 Winterthur, ZH","CHF 3380.—","«4.5 Zimmerwohnung mit grossem Atelier»","Günstige Verkehrslage, grosses Atelier mit separatem Eingang, moderne Ausstattung, viel Licht und Luft: Diese Vorzüge machen diese Wohnung zu einem besonders begehrten Ort um Wohnen und Arbeiten zu kombinieren.Für Ihre Wohnqualität:-Parkettböden in Wohn- und Schlafzimmern-Offene Küche-Grosses Atelier 55 m2-Nasszellen mit Bad/WC sowie mit Dusche/WC-Waschmaschine und Tumbler in der Wohnung-Einbauschränke im Korridor-Beheizte Loggia-Kontrollierte Wohnungslüftung und Bodenheizung-Eigenes Kellerabteil für zusätzlichen StauraumZusätzlich auf Wunsch:"
"1695389167-121","https://www.immoscout24.ch/de/wohnung/mieten/ort-winterthur?pn=1","1 Zimmer, 163 m², CHF 2800.—","Katharina Sulzer Platz 2, 8400 Winterthur, ZH","CHF 2800.—","«Passend zu Ihrem Lifestyle ""MIETEN OHNE KAUTION""»","Licht und Luft erfüllen Ihr neues Zuhause...- Aussergewöhnliche Innen- und Aussenarchitektur- Hohe Decken und grosse Fensterfronten - Küche mit Geschirrspüler, Backofen und Steamer- Bad mit Badewanne und WC - Eigene Waschmaschine und Trockner in der Wohnung- Bodenbeläge: Parkett und Platten- Terrasse zur Mitbenutzung- Eigenes Kellerabteil- Lift vorhanden- Bahnhof, Einkaufsmöglichkeiten, Restaurants etc. alles zu Fuss oder mit dem Fahrrad erreichbar- Einstellplätze können für CHF 175.- pro Monat dazugemietet werden.- Fotos zeigen eine typähnlich"
"1695389167-122","https://www.immoscout24.ch/de/wohnung/mieten/ort-winterthur?pn=1","2,5 Zimmer, 70 m², CHF 2850.—","Moosackerstrasse 5, 8405 Winterthur, ZH","CHF 2850.—","«Grosszügige 2.5 Attikawohnung möbliert»","An zentraler Lage in Winterthur-Seen vermieten wir eine hochwertig möbliertes 2.5-Zimmer-Apartment. Die Attikawohnung befindet sich in einem Neubau Mehrfamilienhaus in Winterthur-Seen.Die stilvolle Attika-Wohnung überzeugt mit einem individuellen Grundriss, hohen Wohnkomfort und lichtdurchfluteten Räumlichkeiten. Die Wohnung verfügt über einen hochwertigen Ausbau mit Eichenparkett, moderne Küche mit Induktions-Kochfeld, Kombi Steamer, diversen Einbauspots, Holz-Metall Fenstern (3-fach Isolierverglasung), WM/TU und Multimediadose mit Glasfaseran"
"1695389167-123","https://www.immoscout24.ch/de/wohnung/mieten/ort-winterthur?pn=1","1,5 Zimmer, 30 m², CHF 2150.—","Ebnetstrasse 6, 8406 Winterthur, ZH","CHF 2150.—","«Hochwertig möbliertes Business Apartment, fully furnished!»","An zentraler Lage in Winterthur vermieten wir ein hochwertig möbliertes 1.5-Zimmer-Apartment. Das Apartment verfügt über eine grosse Dachterrasse von ca. 37 m2. Der einzigartige Grundriss, sowie die grossen Fensterflächen garantieren einen lichtdurchfluteten Raum mit angenehmer Wohnatmosphäre. Das Apartment verfügt über eine Boden ebene Dusche mit Glastrennwand, Waschmaschine und Tumbler, eine moderne Küche und separates Entrée. Die Küche ist mit allem notwendigem eingerichtet. Die Bushaltestelle befindet sich nur wenige Meter entfernt und brin"
"1695389167-124","https://www.immoscout24.ch/de/wohnung/mieten/ort-winterthur?pn=1","4,5 Zimmer, 131 m², CHF 2675.—","Else-Züblin-Strasse 104, 8404 Winterthur, ZH","CHF 2675.—","«Schöne Wohnung im EG»","Die LageDas Trendquartier Neuhegi steht für eine familienfreundliche Infrastruktur, kurze Gehdistanzen zu Schulen und einem vor der Türe gelegenen Naherholungsgebiet. Zudem befindet sich auch die International School in Winterthur.Der nah gelegene Eulachpark bietet für jeden etwas, sei es für Spiel, Bewegung, Spaziergänge, Picknicks oder einfach nur um zu entspannen.Die Buslinie Nr. 14 fährt in unmittelbarer Nähe der Überbauung im Viertelstundentakt zum Bahnhof Winterthur. Mit den ÖV erreichen Sie in 30 Minuten Zürich, 20 Minuten den Flughafen,"
"1695389167-125","https://www.immoscout24.ch/de/wohnung/mieten/ort-winterthur?pn=1","2,5 Zimmer, 62 m², CHF 1840.—","Wülflingerstrasse 153, 8408 Winterthur, ZH","CHF 1840.—","«Funktionales Wohnen»","Per 01.12.2023 vermieten wir diese schöne 2.5-Zimmerwohnung in Winterthur.  Die Wohnung bietet Ihnen folgende Annehmlichkeiten:  - Wohn- und Schlafzimmer mit Laminatboden - Küche und Nasszelle mit pflegeleichtem Boden - Grosses Wohnzimmer mit viel Tageslicht - Helles und geräumiges Zimmer - Küche mit Glaskeramikherd, Geschirrspüler, Backofen und ausreichend Stauraum für Ihre Küchenutensilien - Badezimmer mit WC, Lavabo, Spiegelschrank und Dusche - Korridor mit praktischen Einbauschränken - Waschküche und Trockenraum zur Mitbenutzung  Haustiere"
"1695389167-126","https://www.immoscout24.ch/de/wohnung/mieten/ort-winterthur?pn=1","3,5 Zimmer, 132 m², CHF 3450.—","Marktgasse 39, 8400 Winterthur, ZH","CHF 3450.—","«Frisch sanierte Altbau-Wohnung im Herzen von Winterthur»","Die neue, auf dem höchsten Standard ausgebaute Maisonette-Wohnung verfügt über: - grosszügige Wohnräume mit Parkett (Eiche)- hochwertig ausgebaute Küche- zwei vollwertige Nasszellen (Bad und Dusche)- eigene Waschmaschine und Tumbler- separates Kellerabteil"
"1695389167-127","https://www.immoscout24.ch/de/wohnung/mieten/ort-winterthur?pn=1","3,5 Zimmer, 60 m², CHF 2260.—","Löwenstrasse 2, 8400 Winterthur, ZH","CHF 2260.—","«Wohnung in Winterthur in der Nähe vom Bahnhof»",""
"1695389167-128","https://www.immoscout24.ch/de/wohnung/mieten/ort-winterthur?pn=1","2,5 Zimmer, 91 m², CHF 2115.—","Steiggasse 3, 8400 Winterthur, ZH","CHF 2115.—","«Erstbezug: Sanierte Wohnung im Herzen der Winterthurer Altstadt»","Wir vermieten ab November 2023 eine frisch sanierte 2.5-Zimmer-Wohnung mit ca. 91 m2 in einer Altbauliegenschaft an beliebter Lage. Die Wohnung weist folgende Vorzüge auf.grosszügier Eingangsbereichgemütliches Wohnzimmer gassenseitig mit historischer Holzwand und Sichtbalkenmoderne und offene Küche mit Geschirrspüler, Kühlschrank mit separatem Gefrierschrank, Induktionskochfeld, Gerätemarken Elektroluxmoderne Duscheseparates WCeigener Waschraum mit Waschmaschine/TumblerSchlafzimmer Seite Steiggasse separater Abstellraum, z.B. als begehbares Ank"
"1695389167-129","https://www.immoscout24.ch/de/wohnung/mieten/ort-winterthur?pn=1","3,5 Zimmer, 81 m², CHF 1880.—","Hörnlistrasse 4, 8400 Winterthur, ZH","CHF 1880.—","«Lebensfreude beginnt daheim»","Wir vermieten per 16. Oktober 2023 oder nach Vereinbarung an kinderfreundlicher und begrünter Lage diese grosszügige Wohnung im 2. Stock, die Ihnen unter anderem den folgenden Ausbaustandard zu bieten hat:- alle Zimmer mit Parkettboden- frisch sanierte Küche mit Fenster, Glaskeramikherd und Geschirrspüler- Badezimmer mit Fenster und Badewanne- grosser, sonniger Balkon- Kellerabteil- gemeinsame Waschküche im Untergeschoss- LiftBei den Fotos handelt es sich um Musterbilder, die den Ausbaustandard zeigen. Die genaue Raumaufteilung können Sie dem G"
"1695389167-130","https://www.immoscout24.ch/de/wohnung/mieten/ort-winterthur?pn=1","2,5 Zimmer, 54 m², CHF 1740.—","Zielstrasse 13, 8400 Winterthur, ZH","CHF 1740.—","«Einmalige 2.5-Zimmer-Wohnung in Stadtnähe»","Im schönen Winterthur vermieten wir diese 2.5-Zimmer-Wohnung im 3. Obergeschoss.Alle Wohnräume sind mit dunklem Parkett versehen. Der Eingangsbereich, der Vorplatz sowie das Badezimmer verfügen über einen roten Bodenbelag.Der separate Eingangsbereich bietet dank Garderobenschrank ausgiebig Stauraum.Die moderne, offene Küche ist mit bedienungsfreundlichen Geräten ausgestattet.Das Badezimmer verfügt über eine Badewanne und hellblaue Wandplättli.Lassen Sie Ihren Feierabend auf dem schmucken Balkon ausklingen.Das Einkaufszentrum Rosenberg sowie die"
"1695389167-131","https://www.immoscout24.ch/de/wohnung/mieten/ort-winterthur?pn=1","3,5 Zimmer, 101 m², CHF 2363.—","Obere Schöntalstrasse 46, 8406 Winterthur, ZH","CHF 2363.—","«Wohnglück in zentraler Lage»","Per 01.12.2023 vermieten wir diese schöne 3.5-Zimmerwohnung Mitten im Zentrum von Winterthur.Diese Wohnung bietet Ihnen folgende Annehmlichkeiten:- Wohn- und Schlafzimmer mit Parkettboden- Küche und Nasszellen mit dunklem, pflegeleichtem Plattenboden- Offene Küche mit Glaskeramikherd, Geschirrspüler, Backofen auf Sichthöhe und viel Stauraum für Ihre Küchenutensilien- Badezimmer mit WC, Lavabo, Spiegelschrank, Badewanne und eigenem Waschturm (Waschmaschine und Tumbler)- Separates Gästebad mit WC, Lavabo und Spiegel- Grosszügiger Eingangsbereich"
"1695389167-132","https://www.immoscout24.ch/de/wohnung/mieten/ort-winterthur?pn=1","3 Zimmer, 68 m², CHF 1750.—","Scheideggstrasse 8, 8400 Winterthur, ZH","CHF 1750.—","«Wow, helle 3 Z-Wohnung mit Balkon»","Diese helle 3 Z-Wohnung befindet sich im 5. OG in gepflegter Liegenschaft im Gutschickquartier. Das 5. OG bietet schöne Aussicht und der Park mit viel Grünfläche lädt zum verweilen ein.Im Entrée gibt es einen Einbauschrank sowie ein kleines Réduit. Die Küche ist in modernem grau gehalten und hat einen zeitgemässen Plattenboden. Das WC/Bad ist zweckmässig ausgestattet. Das Wohnzimmer ist sehr hell und hat direkten Zugang zum Balkon. Im gesamten Wohnbereich und den beiden Schlafzimmern wird ein schöner Korkvynilboden verlegt. Der grosse Balkon is"
"1695389167-133","https://www.immoscout24.ch/de/wohnung/mieten/ort-winterthur?pn=1","3 Zimmer, 62 m², CHF 1799.—","Hofwiesenweg 2, 8405 Winterthur, ZH","CHF 1799.—","«Freizeit auf dem Gartensitzplatz verbringen!»","********************************************************Besichtigungen können individuell mit Frau Wahl von der VERIT Immobilien AG vereinbart werden. Tel. 044 389 78 44.********************************************************Wir vermieten eine helle, gemütliche und gut gelegene Wohnung in Winterthur-Seen. Die Wohnung überzeugt Sie mit folgenden Eigenschaften:Feinsteinboden in der KücheGeschirrspüler und GlaskeramikherdKorridor mit EinbauschrankWohnzimmer mit ParkettbodenSchlafzimmer und Kinderzimmer mit neuem Parkettbodeneigenes Kellerabteil m"
"1695389167-134","https://www.immoscout24.ch/de/wohnung/mieten/ort-winterthur?pn=1","4,5 Zimmer, 106 m², CHF 2239.—","Römerstr. 128, 8404 Winterthur, ZH","CHF 2239.—","«Grosszügige Wohnung im alten Dorfkern von Oberwinterthur!""Mieten ohne Kaution»","Im Dorfkern von Oberwinterthur vermieten wir diese schöne4.5 Zimmerwohnung, profitieren Sie von folgenden Vorzügen.- Bodenbelag in Wohnbereich und Zimmern: Parkett- Küche und Badezimmer: Keramik-Platten (Anthrazit)- Schöne Küche mit Glaskeramikherd und Geschirrspüler- Helles Badezimmer mit Badewanne- Separates Gäste-WC- Praktische Wandschränke im Korridor- Reduit- Kellerabteil- Balkon- LiftDie schönen Spielplatz- und Grillanlagen in der Liegenschaft laden zum Verweilen ein. Schule, Kindergarten und Einkaufsmöglichkeiten befinden sich in unmitte"
"1695389167-135","https://www.immoscout24.ch/de/wohnung/mieten/ort-winterthur?pn=1","3,5 Zimmer, 93 m², CHF 2170.—","Else-Züblin-Str. 78, 8404 Winterthur, ZH","CHF 2170.—","«Sue&Til - smart&urban»","Willkommen bei sue&til! Wir sind die neue Siedlung im modernen Winterthurer Quartier Neuhegi mit Parks und allem, was es für ein aktives Leben braucht. sue&til legt grossen Wert darauf, Ihnen zahlreiche Highlights und An-nehmlichkeiten zu bieten. Sie können sicher sein, dass sue&til Ihnen nicht nur alle Ihre Wünsche an Ihr neues Zuhause erfüllt, sondern viel mehr bietet.- offen gestaltete Grundrisse für die grosszügige Atmosphäre- Hochwertige Eichenparkettböden für den edlen Touch in den Wohnräumen- Hochwertiges Bad/WC mit Feinsteinzeugplatten"
"1695389167-136","https://www.immoscout24.ch/de/wohnung/mieten/ort-winterthur?pn=1","4,5 Zimmer, 120 m², CHF 2761.—","St. Gallerstrasse 42c, 8400 Winterthur, ZH","CHF 2761.—","«Wohnen im Sidiareal, www.sidiareal.ch»","Modernes Wohnen im Minergie-Standard. Industrielle Architektur in parkähnlicher Umgebung und sehr kinderfreundlicher Zone. Hervorragend ausgebaute Infrastruktur sowie Einkaufsmöglichkeiten, Freizeit- und Fitnessangebote befinden sich in unmittelbarer Nähe. Mit dem öffentlichen Verkehr gelangt man innert 3 Minuten ins Zentrum von Winterthur. Daneben verfügt Winterthur über mehrere Autobahnanschlüsse. Die Wohnung überzeugt mit folgenden Eigenschaften: - Ganze Wohnung mit Eschenparkett ausgestattet - Nasszellen aus Feinsteinzeugplatten - Helles Wo"
"1695389167-137","https://www.immoscout24.ch/de/wohnung/mieten/ort-winterthur?pn=1","3,5 Zimmer, 91 m², CHF 2280.—","Tösstalstrasse 230, 8405 Winterthur, ZH","CHF 2280.—","«Grosszügige Gartenwohnung mit top Baustandard»","Die 3.5-Zimmer-Wohnung mit top Grundriss und Eigentums-Baustandard liegt an zentraler Lage in Winterthur-Seen.Die durchdachten Grundrisse ermöglichen eine optimale Möblierung und schaffen, mit dem südwestlich ausgerichteten und der Strasse abgewandten Sitzplatz, ein angenehmes Ambiente.Die ganze Wohnung verfügt über einen grossformatigen, hellen Feinsteinzeug-Plattenboden, Einbauschränke im Korridor, ein grosses Badezimmer mit Waschturm und eine separate Dusche.Die offene Küche bietet viel Stauraum und verfügt über ein Glaskeramikkochfeld, eine"
"1695389167-138","https://www.immoscout24.ch/de/wohnung/mieten/ort-winterthur?pn=1","1 Zimmer, 29 m², CHF 850.—","Lindbergstrasse 20, 8404 Winterthur, ZH","CHF 850.—","«Wohnung mit Sitzplatz»","Wir vermieten diese gemütliche, sehr sonnige Wohnung, welche sich im Erdgeschoss befindet.Die moderne Küche und das Badezimmer verfügen über einen schönen Plattenboden, das Wohnzimmer/Schlafzimmer besitzt einen Eichenparkettboden. Dank Einbauschrank, Keller- und Estrichabteil haben Sie auch genügend Stauraum für Ihre liebgewonnen Gegenstände. Ihre neuen vier Wände liegen in der Nähe von Einkaufsmöglichkeiten, Schulen sowie den öffentlichen Verkehrsmitteln.Lassen Sie sich diese Chance nicht entgehen und nehmen Sie an einem der oben genannten Bes"
"1695389167-139","https://www.immoscout24.ch/de/wohnung/mieten/ort-winterthur?pn=1","3,5 Zimmer, 101 m², CHF 2529.—","Obere Schöntalstrasse 46, 8406 Winterthur, ZH","CHF 2529.—","«Wohntraum in Winterthur»","Per 01.12.2023 vermieten wir diese helle und top moderne 3.5-Zimmerwohnung in Winterthur.Die Wohnung bietet Ihnen folgende Ausstattung:- Wohn- und Schlafzimmer mit Parkettboden- Küche und Nasszellen mit dunklem, pflegeleichtem Plattenboden- Offene Küche mit Glaskeramikherd, Geschirrspüler, Backofen auf Sichthöhe und viel Stauraum für Ihre Küchenutensilien- Badezimmer mit WC, Lavabo, Spiegelschrank und Badewanne- Separates Gästebad mit WC, Lavabo, Spiegelschrank und Dusche- Eigener Waschturm (Waschmaschine und Tumbler) in der Wohnung- Grosszügig"
"1695389167-140","https://www.immoscout24.ch/de/wohnung/mieten/ort-winterthur?pn=1","3,5 Zimmer, 91 m², CHF 2398.—","Obere Schöntalstrasse 42, 8406 Winterthur, ZH","CHF 2398.—","«Wohnglück auf den ersten Blick»","Per 01.12.2023 vermieten wir diese schöne 3.5-Zimmerwohnung Mitten im Zentrum von Winterthur. Diese Wohnung bietet Ihnen folgende Annehmlichkeiten:- Wohn- und Schlafzimmer mit Parkettboden- Küche und Nasszellen mit dunklem, pflegeleichtem Plattenboden- Offene Küche mit Glaskeramikherd, Geschirrspüler, Backofen auf Sichthöhe und viel Stauraum für Ihre Küchenutensilien- Badezimmer mit WC, Lavabo, Spiegelschrank, Badewanne und eigenem Waschturm (Waschmaschine und Tumbler)- Separates Gästebad mit WC, Lavabo und Spiegel- Grosszügiger Eingangsbereich"
"1695389167-141","https://www.immoscout24.ch/de/wohnung/mieten/ort-winterthur?pn=1","3 Zimmer, 58 m², CHF 1678.—","Sulzbergstrasse 6, 8400 Winterthur, ZH","CHF 1678.—","«Schöne, befristete Wohnung in der Nähe vom Bahnhof Winterthur»","Wir vermieten diese schöne und helle 3.0-Zimmerwohnung an genialer Lage in der Nähe vom Bahnhof Winterthur. Diese Schmucke Wohnung ist dennoch sehr ruhig gelegen und hat Ihnen folgende Annehmlichkeiten zu bieten:- Wohn- und Schlafzimmer mit Parkettboden- Klinkerboden im Korridor- Küche und Bad mit Plattenboden- WC/Bad- Balkon- Keller und EstrichBitte beachten Sie, dass diese Wohnung befristet bis zum 30.09.2024 gemietet werden kann.Bei den Bildern handelt es sich um Musterfotos, die lediglich den Ausbaustandard darstellen. Die genaue Raumauftei"
"1695389167-142","https://www.immoscout24.ch/de/wohnung/mieten/ort-winterthur?pn=1","3,5 Zimmer, 100 m², CHF 2250.—","Else-Züblin-Str. 72, 8404 Winterthur, ZH","CHF 2250.—","«Lebensfreude beginnt daheim»","Willkommen bei sue&til!Wir sind die neue Siedlung im modernen Winterthurer Quartier Neuhegi mit Parks und allem, was es für ein aktives Leben braucht. sue&til legt grossen Wert darauf, Ihnen zahlreiche Highlights und An-nehmlichkeiten zu bieten. Sie können sicher sein, dass sue&til Ihnen nicht nur alle Ihre Wünsche an Ihr neues Zuhause erfüllt, sondern viel mehr bietet.Per sofort oder nach Vereinbarung vermieten wir diese idyllische Wohnung mit folgender Ausstattung:- offen gestaltete Grundrisse für die grosszügige Atmosphäre- Hochwertige Eiche"
"1695389167-143","https://www.immoscout24.ch/de/wohnung/mieten/ort-winterthur?pn=1","4,5 Zimmer, 131 m², CHF 3055.—","Rudolfstr. 25, 8400 Winterthur, ZH","CHF 3055.—","«Wohnen direkt beim Bahnhof Winterthur»","Der luxeriöse Ausbaustandart, die eindrückliche Raumhöhe sowie der exklusive Blick über Winterthur machen das Wohnen im Zentrum der Stadt einmalig. Sie erreichen die Wohnung im 2. Stockwerk direkt mit den Lift bis in den Wohnraum. Das Mietobjekt ist wie folgt ausgestattet:- Moderne Küche mit neuen Geräten- hochwertiger Eschenparkett in allen Wohnräumen- zwei Nasszellen mit beigen Natursteinplatten und hochhwertigen Armaturen - eigener Waschturm in der Wohnung- Entrée mit Garderobenschränken- Individuelle Raumaufteilung dank Schiebetüren- Einbau"
"1695389167-144","https://www.immoscout24.ch/de/wohnung/mieten/ort-winterthur?pn=1","3,5 Zimmer, 116 m², CHF 2950.—","Hörnlistrasse 85, 8400 Winterthur, ZH","CHF 2950.—","«4 1/2 Maisonette Whg. Grosszügig, sonnig, mit Kamin, 2 Balkone mit schöner Aussicht, 2 Badezimmer»","""4 1/2 Maisonette Whg. Grosszügig, sonnig, mit Kamin, 2 Balkone mit schöner Aussicht, 2 Badezimmer""Die wunderschön gelegene 4 1/2 Zimmer Maisonette Luxus Wohnung hat folgendes zu bieten:2 Schlafzimmer, wobei das grosse Schlafzimmer in zwei kleinere Zimmer geteilt werden könnte (Das 2-Bett-Schlafzimmer ist so gross, dass ein drittes Bett Platz hat).Ein weiterer Raum, Büro oder Schlafzimmer ist separat.1 grosses und helles Wohnzimmer mit Kamin.2 Balkone mit idyllischer und unverbaubarer Aussicht. Der ostseitige Balkon führt in den grossen Wohnber"
