bfs_nummer,gemeinde_name,absolute_anzahl,relative_anzahl
1,Aeugst am Albis,366,18.4
2,Affoltern am Albis,3487,27.7
3,Bonstetten,1230,21.9
4,Hausen am Albis,728,18.8
5,Hedingen,874,22.6
6,Kappel am Albis,264,20
7,Knonau,540,22.4
8,Maschwanden,122,18.9
9,Mettmenstetten,1279,22.7
10,Obfelden,1422,24.6
11,Ottenbach,589,20.6
12,Rifferswil,177,15.4
13,Stallikon,762,19.8
14,Wettswil am Albis,997,18.9
21,Adlikon,135,19.1
22,Benken (ZH),192,22.7
23,Berg am Irchel,117,19.8
24,Buch am Irchel,223,21.5
25,Dachsen,386,19.8
26,Dorf,169,23.7
27,Feuerthalen,950,25.2
28,Flaach,353,23.9
29,Flurlingen,325,21.5
30,Andelfingen,492,22.1
31,Henggart,470,20.8
32,Humlikon,79,16
33,Kleinandelfingen,438,20.5
34,Laufen-Uhwiesen,307,17.2
35,Marthalen,431,22.1
37,Ossingen,420,24.6
38,Rheinau,242,18.8
39,Thalheim an der Thur,189,19.3
40,Trüllikon,215,20.2
41,Truttikon,87,18.7
43,Volken,90,23.6
51,Bachenbülach,899,21.4
52,Bassersdorf,3070,25.5
53,Bülach,7230,30.6
54,Dietlikon,1950,24.8
55,Eglisau,1272,23
56,Embrach,2567,25.7
57,Freienstein-Teufen,450,18.8
58,Glattfelden,1217,23.1
59,Hochfelden,431,21.7
60,Höri,1020,30.8
61,Hüntwangen,198,18.1
62,Kloten,6567,31.3
63,Lufingen,704,25.4
64,Nürensdorf,1159,20.3
65,Oberembrach,215,19.7
66,Opfikon,7497,35.3
67,Rafz,1101,23.6
68,Rorbas,703,24.2
69,Wallisellen,5339,30.9
70,Wasterkingen,113,19.2
71,Wil (ZH),309,19.8
72,Winkel,1124,23.1
81,Bachs,127,20
82,Boppelsen,293,20.2
83,Buchs (ZH),1842,27.8
84,Dällikon,1098,25.7
85,Dänikon,436,23.4
86,Dielsdorf,1690,27.5
87,Hüttikon,175,18.2
88,Neerach,615,18.6
89,Niederglatt,1370,26.4
90,Niederhasli,2357,24.8
91,Niederweningen,669,21.7
92,Oberglatt,2360,31.4
93,Oberweningen,426,22.6
94,Otelfingen,661,22.4
95,Regensberg,74,15.9
96,Regensdorf,5242,28
97,Rümlang,2386,29.1
98,Schleinikon,231,26.8
99,Schöfflisdorf,238,17.5
100,Stadel,547,23.3
101,Steinmaur,931,25.8
102,Weiach,624,30
111,Bäretswil,1031,20.2
112,Bubikon,1568,20.9
113,Dürnten,1779,22.9
114,Fischenthal,609,23.4
115,Gossau (ZH),2360,22.8
116,Grüningen,932,24.2
117,Hinwil,2781,24
118,Rüti (ZH),3333,26.2
119,Seegräben,290,20.4
120,Wald (ZH),2594,25.1
121,Wetzikon (ZH),7428,28.5
131,Adliswil,5179,26.9
135,Kilchberg (ZH),2143,23
136,Langnau am Albis,1866,23.2
137,Oberrieden,1029,19.5
138,Richterswil,3010,21.5
139,Rüschlikon,1320,21.2
141,Thalwil,4564,24.8
151,Erlenbach (ZH),1082,19.1
152,Herrliberg,1244,18.4
153,Hombrechtikon,1966,21.9
154,Küsnacht (ZH),2946,19.9
155,Männedorf,2337,20.4
156,Meilen,2902,19.7
157,Oetwil am See,1189,24
158,Stäfa,2946,19.8
159,Uetikon am See,1285,20.3
160,Zumikon,934,16.6
161,Zollikon,2708,20.1
172,Fehraltorf,1580,23.3
173,Hittnau,763,20.3
176,Lindau,1280,22.4
177,Pfäffikon,2979,24.1
178,Russikon,873,19.4
180,Weisslingen,752,21.9
181,Wila,448,21.9
182,Wildberg,203,19.7
191,Dübendorf,9749,31.7
192,Egg,1716,19.5
193,Fällanden,2240,23.7
194,Greifensee,1174,22
195,Maur,2075,19.3
196,Mönchaltorf,891,21.6
197,Schwerzenbach,1342,26.1
198,Uster,9262,25.9
199,Volketswil,4787,24.7
200,Wangen-Brüttisellen,2092,25.8
211,Altikon,163,22.4
213,Brütten,462,21.4
214,Dägerlen,234,21.4
215,Dättlikon,141,17
216,Dinhard,376,21.7
218,Ellikon an der Thur,239,23.1
219,Elsau,819,22.1
220,Hagenbuch,269,23.4
221,Hettlingen,642,20.6
223,Neftenbach,1180,20.5
224,Pfungen,1074,26.5
225,Rickenbach (ZH),575,20.8
226,Schlatt (ZH),123,16.2
227,Seuzach,1718,22.3
228,Turbenthal,1195,23.7
230,Winterthur,36317,31.1
231,Zell (ZH),1561,24
241,Aesch (ZH),401,24
242,Birmensdorf (ZH),1759,24.9
243,Dietikon,9183,32.6
244,Geroldswil,1255,23.9
245,Oberengstringen,1882,27.6
246,Oetwil an der Limmat,538,21
247,Schlieren,7391,36.3
248,Uitikon,1067,20.9
249,Unterengstringen,992,24.1
250,Urdorf,2594,25.1
251,Weiningen (ZH),1287,26.4
261,Zürich,150915,35.3
292,Stammheim,586,20.4
293,Wädenswil,5937,23.6
294,Elgg,1205,23.8
295,Horgen,5714,24.2
296,Illnau-Effretikon,4757,27.1
297,Bauma,1123,22.8
298,Wiesendangen,1413,21.1
301,Aarberg,1089,23.5
302,Bargen (BE),257,23.4
303,Grossaffoltern,599,19.5
304,Kallnach,440,19.5
305,Kappelen,288,20.5
306,Lyss,4394,27.1
307,Meikirch,447,17.5
309,Radelfingen,284,22.5
310,Rapperswil (BE),583,21.8
311,Schüpfen,805,21.4
312,Seedorf (BE),708,22.2
321,Aarwangen,1131,23.6
322,Auswil,93,20.3
323,Bannwil,139,20
324,Bleienbach,183,24.5
325,Busswil bei Melchnau,34,19.7
326,Gondiswil,122,16.5
329,Langenthal,4028,25.4
331,Lotzwil,631,23.6
332,Madiswil,730,21.9
333,Melchnau,273,18.4
335,Oeschenbach,38,17
336,Reisiswil,31,18.1
337,Roggwil (BE),1008,23.7
338,Rohrbach,362,23
339,Rohrbachgraben,79,20.6
340,Rütschelen,105,18.4
341,Schwarzhäusern,111,20.8
342,Thunstetten,823,23.8
344,Ursenbach,206,23.8
345,Wynau,371,22.1
351,Bern,45195,33.6
352,Bolligen,1159,18.2
353,Bremgarten bei Bern,735,17.1
354,Kirchlindach,650,20.2
355,Köniz,11200,26.4
356,Muri bei Bern,2517,18.9
357,Oberbalm,170,19.9
358,Stettlen,733,21.7
359,Vechigen,1247,21.9
360,Wohlen bei Bern,1625,17.4
361,Zollikofen,2860,25.7
362,Ittigen,2804,24.2
363,Ostermundigen,4764,26.6
371,Biel/Bienne,15749,28.6
372,Evilard,494,18.3
381,Arch,379,22.1
382,Büetigen,206,22.4
383,Büren an der Aare,847,22.9
385,Diessbach bei Büren,229,22.5
386,Dotzigen,316,19.9
387,Lengnau (BE),1355,24.2
388,Leuzigen,268,20
389,Meienried,12,21.4
390,Meinisberg,282,19.9
391,Oberwil bei Büren,200,21.6
392,Pieterlen,1383,27.3
393,Rüti bei Büren,165,19.3
394,Wengi,156,24.6
401,Aefligen,240,21.1
402,Alchenstorf,113,18.6
403,Bäriswil,183,16.7
404,Burgdorf,4524,27.3
405,Ersigen,426,21.1
406,Hasle bei Burgdorf,794,23.5
407,Heimiswil,329,20.4
408,Hellsau,32,15.8
409,Hindelbank,735,26.2
410,Höchstetten,54,20.1
411,Kernenried,117,21.6
412,Kirchberg (BE),1270,21.5
413,Koppigen,457,20.6
414,Krauchthal,528,22.3
415,Lyssach,386,26.1
418,Oberburg,708,24.1
420,Rüdtligen-Alchenflüh,636,25.9
421,Rumendingen,13,16.7
422,Rüti bei Lyssach,38,23.8
423,Willadingen,25,13.1
424,Wynigen,395,19.1
431,Corgémont,390,21.8
432,Cormoret,108,21.4
433,Cortébert,160,23.4
434,Courtelary,308,21.7
435,La Ferrière,141,26.2
437,Mont-Tramelan,26,23.6
438,Orvin,293,23.7
441,Renan (BE),223,22.8
442,Romont (BE),42,18.9
443,Saint-Imier,1387,27.3
444,Sonceboz-Sombeval,498,25.9
445,Sonvilier,316,26.1
446,Tramelan,1127,24.6
448,Villeret,183,19.8
449,Sauge,169,20.5
450,Péry-La Heutte,458,23.4
491,Brüttelen,148,23.8
492,Erlach,296,21.5
493,Finsterhennen,148,25.8
494,Gals,211,24.8
495,Gampelen,274,27.3
496,Ins,747,20.6
497,Lüscherz,107,19.2
498,Müntschemier,430,26.7
499,Siselen,139,22.1
500,Treiten,89,20.6
501,Tschugg,87,18.4
502,Vinelz,177,19.9
533,Bätterkinden,755,22.4
535,Deisswil bei Münchenbuchsee,21,23.9
536,Diemerswil,39,19
538,Fraubrunnen,1151,21.3
540,Jegenstorf,1139,19.7
541,Iffwil,86,19.9
543,Mattstetten,98,16.6
544,Moosseedorf,1057,25.7
546,Münchenbuchsee,2330,22.8
551,Urtenen-Schönbühl,1672,26.1
552,Utzenstorf,965,21.6
553,Wiggiswil,20,19
554,Wiler bei Utzenstorf,268,25.8
556,Zielebach,66,19.9
557,Zuzwil (BE),79,14.6
561,Adelboden,793,23.3
562,Aeschi bei Spiez,490,21.5
563,Frutigen,1621,23.1
564,Kandergrund,201,24.5
565,Kandersteg,295,22.7
566,Krattigen,202,17.7
567,Reichenbach im Kandertal,762,20.6
571,Beatenberg,231,19.5
572,Bönigen,518,20.2
573,Brienz (BE),691,21.4
574,Brienzwiler,95,19.5
575,Därligen,81,19.6
576,Grindelwald,973,25.9
577,Gsteigwiler,98,23
578,Gündlischwand,75,21.4
579,Habkern,129,20.7
580,Hofstetten bei Brienz,102,18.8
581,Interlaken,1685,28.4
582,Iseltwald,66,16
584,Lauterbrunnen,484,21.3
585,Leissigen,238,19.9
586,Lütschental,64,28.8
587,Matten bei Interlaken,1008,24.2
588,Niederried bei Interlaken,63,17
589,Oberried am Brienzersee,75,15.8
590,Ringgenberg (BE),546,21.4
591,Saxeten,25,28.4
592,Schwanden bei Brienz,133,20.5
593,Unterseen,1289,22.4
594,Wilderswil,632,23.4
602,Arni (BE),232,24.4
603,Biglen,427,23.1
605,Bowil,308,23
606,Brenzikofen,100,20.5
607,Freimettigen,91,19.6
608,Grosshöchstetten,825,20
609,Häutligen,64,24.3
610,Herbligen,135,22.2
611,Kiesen,225,22.2
612,Konolfingen,1277,23.4
613,Landiswil,123,20.1
614,Linden,256,20
615,Mirchel,128,21.6
616,Münsingen,2797,21.4
617,Niederhünigen,182,25.6
619,Oberdiessbach,812,22.7
620,Oberthal,168,23.1
622,Oppligen,172,26.9
623,Rubigen,591,20.3
626,Walkringen,383,21.3
627,Worb,2329,20.3
628,Zäziwil,389,24
629,Oberhünigen,71,22.2
630,Allmendingen,77,13.6
632,Wichtrach,968,22.3
662,Ferenbalm,240,19.6
663,Frauenkappelen,327,22.9
665,Gurbrü,58,23.5
666,Kriechenwil,83,19.6
667,Laupen,705,21.5
668,Mühleberg,685,22.3
669,Münchenwiler,86,15.4
670,Neuenegg,1322,23.4
671,Wileroltigen,95,25
681,Belprahon,61,22.1
683,Champoz,36,22.5
687,Corcelles (BE),45,22.4
690,Court,309,22.2
691,Crémines,97,19.1
692,Eschert,90,23.4
694,Grandval,93,23.3
696,Loveresse,100,27.6
700,Moutier,1669,23.2
701,Perrefitte,112,23.7
703,Reconvilier,604,24.9
704,Roches (BE),48,25.3
706,Saicourt,140,22.5
707,Saules (BE),31,20.4
708,Schelten,8,25
709,Seehof,21,29.6
711,Sorvilier,70,24.6
713,Tavannes,823,24
715,Rebévelier,6,15
716,Petit-Val,88,21.5
717,Valbirse,888,22.7
723,La Neuveville,887,23.4
724,Nods,182,22.6
726,Plateau de Diesse,452,21.3
731,Aegerten,573,24.3
732,Bellmund,321,18.1
733,Brügg,1068,24
734,Bühl,98,20.3
735,Epsach,72,21.8
736,Hagneck,81,19.3
737,Hermrigen,53,16.7
738,Jens,111,16.6
739,Ipsach,764,19.6
740,Ligerz,75,14.3
741,Merzligen,57,14.4
742,Mörigen,149,16.7
743,Nidau,1815,25.5
744,Orpund,780,24
745,Port,747,19.2
746,Safnern,376,18.8
747,Scheuren,121,22.6
748,Schwadernau,140,20.2
749,Studen (BE),892,25.8
750,Sutz-Lattrigen,263,18.5
751,Täuffelen,569,18.5
754,Walperswil,188,18.4
755,Worben,518,20.7
756,Twann-Tüscherz,232,19.4
761,Därstetten,196,22.8
762,Diemtigen,485,21.4
763,Erlenbach im Simmental,397,22.8
766,Oberwil im Simmental,163,19.9
767,Reutigen,257,24.9
768,Spiez,2751,21.3
769,Wimmis,595,22.5
770,Stocken-Höfen,229,22.4
782,Guttannen,43,17.5
783,Hasliberg,184,16.7
784,Innertkirchen,214,20
785,Meiringen,1008,21.6
786,Schattenhalb,125,21.9
791,Boltigen,271,21.3
792,Lenk,489,21.5
793,St. Stephan,295,22.4
794,Zweisimmen,697,22.6
841,Gsteig,231,23
842,Lauenen,178,20.9
843,Saanen,1646,23.8
852,Guggisberg,264,17.9
853,Rüschegg,305,17.9
855,Schwarzenburg,1390,20.5
861,Belp,2543,22
863,Burgistein,232,21.1
866,Gerzensee,269,21.2
867,Gurzelen,197,22.2
868,Jaberg,67,21.3
869,Kaufdorf,235,20.9
870,Kehrsatz,1087,24.3
872,Kirchdorf (BE),421,23.1
877,Niedermuhlern,109,21.4
879,Riggisberg,679,22
880,Rüeggisberg,361,20.2
883,Seftigen,452,20.9
884,Toffen,533,20.4
885,Uttigen,490,22.5
886,Wattenwil,643,20.3
888,Wald (BE),186,15.8
889,Thurnen,427,21.2
901,Eggiwil,501,20.5
902,Langnau im Emmental,2225,23.8
903,Lauperswil,663,24.5
904,Röthenbach im Emmental,257,22.1
905,Rüderswil,517,21.3
906,Schangnau,195,21.3
907,Signau,571,21.5
908,Trub,304,23
909,Trubschachen,318,21.2
921,Amsoldingen,169,21.4
922,Blumenstein,274,21.6
923,Buchholterberg,324,21.1
924,Eriz,96,20.1
925,Fahrni,172,21.2
927,Heiligenschwendi,136,18
928,Heimberg,1686,24
929,Hilterfingen,726,17.9
931,Homberg,100,20
932,Horrenbach-Buchen,44,19
934,Oberhofen am Thunersee,392,15.9
935,Oberlangenegg,98,21.1
936,Pohlern,35,15.2
938,Sigriswil,842,17.3
939,Steffisburg,3749,23.3
940,Teuffenthal (BE),37,23.4
941,Thierachern,501,19.7
942,Thun,11130,25.5
943,Uebeschi,155,21.5
944,Uetendorf,1113,19
945,Unterlangenegg,270,24.7
946,Wachseldorn,44,19.6
947,Zwieselberg,58,18.2
948,Forst-Längenbühl,163,21.3
951,Affoltern im Emmental,267,22.6
952,Dürrenroth,217,20.2
953,Eriswil,278,20.5
954,Huttwil,1194,23.6
955,Lützelflüh,955,21.9
956,Rüegsau,733,22.5
957,Sumiswald,1084,21.5
958,Trachselwald,162,17.6
959,Walterswil (BE),105,20
960,Wyssachen,200,18.1
971,Attiswil,347,22.4
972,Berken,13,27.7
973,Bettenhausen,139,20.5
975,Farnern,36,15.8
976,Graben,63,18.9
977,Heimenhausen,266,22.6
979,Herzogenbuchsee,1869,25.6
980,Inkwil,153,22
981,Niederbipp,1357,26.2
982,Niederönz,398,22.5
983,Oberbipp,455,24.9
985,Ochlenberg,97,18.1
987,Rumisberg,86,16.9
988,Seeberg,350,21.9
989,Thörigen,303,25.3
990,Walliswil bei Niederbipp,42,18.6
991,Walliswil bei Wangen,112,18.2
992,Wangen an der Aare,580,24.3
993,Wangenried,72,17.6
995,Wiedlisbach,676,26.5
1001,Doppleschwand,214,26.6
1002,Entlebuch,868,26.6
1004,Flühli,472,26.4
1005,Hasle (LU),433,25
1007,Romoos,152,23.8
1008,Schüpfheim,1003,23.5
1009,Werthenstein,565,26.1
1010,Escholzmatt-Marbach,1035,23.5
1021,Aesch (LU),323,23.9
1023,Ballwil,600,22.5
1024,Emmen,9311,29.5
1025,Ermensee,221,21.8
1026,Eschenbach (LU),844,22.3
1030,Hitzkirch,1446,24.2
1031,Hochdorf,2422,24.4
1032,Hohenrain,502,20.6
1033,Inwil,783,27
1037,Rain,700,23.5
1039,Römerswil,388,21.9
1040,Rothenburg,1731,22
1041,Schongau,215,20.1
1051,Adligenswil,1010,18.4
1052,Buchrain,1767,26.7
1053,Dierikon,512,31.8
1054,Ebikon,3909,27
1055,Gisikon,384,26.3
1056,Greppen,240,20.1
1057,Honau,179,35
1058,Horw,3753,24.9
1059,Kriens,7727,26.7
1061,Luzern,27079,32.3
1062,Malters,2089,27.2
1063,Meggen,1343,17.4
1064,Meierskappel,309,19.4
1065,Root,1704,31
1066,Schwarzenberg,374,20.8
1067,Udligenswil,508,20.7
1068,Vitznau,345,23.6
1069,Weggis,946,20.7
1081,Beromünster,1674,25
1082,Büron,753,27.7
1083,Buttisholz,828,24.2
1084,Eich,321,19.8
1085,Geuensee,668,23.2
1086,Grosswangen,773,24
1088,Hildisrieden,543,22.2
1089,Knutwil,600,25.3
1091,Mauensee,377,24.4
1093,Neuenkirch,1791,24.9
1094,Nottwil,992,24.2
1095,Oberkirch,1434,28.3
1097,Rickenbach (LU),923,25.9
1098,Ruswil,1822,24.9
1099,Schenkon,700,22.8
1100,Schlierbach,225,22.8
1102,Sempach,858,20.8
1103,Sursee,3323,31.6
1104,Triengen,1267,26.7
1107,Wolhusen,1129,25.4
1121,Alberswil,192,28.1
1122,Altbüron,249,24.2
1123,Altishofen,562,28
1125,Dagmersellen,1656,28.5
1127,Egolzwil,398,24.5
1128,Ettiswil,697,24.4
1129,Fischbach,167,23.8
1131,Grossdietwil,233,26.6
1132,Hergiswil bei Willisau,448,23.5
1135,Luthern,278,22.3
1136,Menznau,747,24.4
1137,Nebikon,731,26.4
1139,Pfaffnau,743,27.4
1140,Reiden,1937,26.1
1142,Roggliswil,200,26
1143,Schötz,1407,29.4
1145,Ufhusen,232,24.8
1146,Wauwil,700,27.4
1147,Wikon,294,19.8
1150,Zell (LU),560,26.4
1151,Willisau,2124,23.3
1201,Altdorf (UR),2615,26.5
1202,Andermatt,446,29
1203,Attinghausen,419,23.7
1205,Bürglen (UR),945,24.4
1206,Erstfeld,904,23.4
1207,Flüelen,501,24.8
1208,Göschenen,101,22.7
1209,Gurtnellen,76,15.3
1210,Hospental,43,24
1211,Isenthal,118,25.3
1212,Realp,29,19
1213,Schattdorf,1194,21.9
1214,Seedorf (UR),415,20.2
1215,Seelisberg,96,13.4
1216,Silenen,517,25.3
1217,Sisikon,103,27
1218,Spiringen,212,24.7
1219,Unterschächen,191,26.7
1220,Wassen,96,23.1
1301,Einsiedeln,3884,23.8
1311,Gersau,492,20.6
1321,Feusisberg,1149,21
1322,Freienbach,3655,21.9
1323,Wollerau,1479,19.7
1331,Küssnacht (SZ),3221,23.3
1341,Altendorf,1787,24.8
1342,Galgenen,1303,24.4
1343,Innerthal,31,17.2
1344,Lachen,2437,25.9
1345,Reichenburg,1129,27.8
1346,Schübelbach,2690,28
1347,Tuggen,910,27.1
1348,Vorderthal,241,24.5
1349,Wangen (SZ),1367,24.9
1361,Alpthal,138,22.3
1362,Arth,3319,26.9
1363,Illgau,217,26.6
1364,Ingenbohl,2111,23
1365,Lauerz,263,23.4
1366,Morschach,290,24
1367,Muotathal,876,24.9
1368,Oberiberg,122,14.1
1369,Riemenstalden,16,19
1370,Rothenthurm,665,26.4
1371,Sattel,463,22.9
1372,Schwyz,4176,26.6
1373,Steinen,911,24.6
1374,Steinerberg,237,24.9
1375,Unteriberg,586,24.1
1401,Alpnach,1585,25.5
1402,Engelberg,1017,23.7
1403,Giswil,901,23.7
1404,Kerns,1622,25.2
1405,Lungern,434,20.8
1406,Sachseln,1209,23.2
1407,Sarnen,2443,22.9
1501,Beckenried,782,20.9
1502,Buochs,1352,24.7
1503,Dallenwil,446,24.1
1504,Emmetten,357,22
1505,Ennetbürgen,1248,24
1506,Ennetmoos,566,24.4
1507,Hergiswil (NW),1352,22.5
1508,Oberdorf (NW),697,22.5
1509,Stans,2030,25
1510,Stansstad,1085,22.4
1511,Wolfenschiessen,502,23.8
1630,Glarus Nord,5186,26.7
1631,Glarus Süd,1917,20.1
1632,Glarus,3190,25.5
1701,Baar,6429,25.7
1702,Cham,4399,24.9
1703,Hünenberg,1944,21.7
1704,Menzingen,1059,22.9
1705,Neuheim,511,21.8
1706,Oberägeri,1242,19.4
1707,Risch,3166,28.1
1708,Steinhausen,2551,24.7
1709,Unterägeri,1900,20.6
1710,Walchwil,746,19
1711,Zug,7801,24.8
2008,Châtillon (FR),113,22
2011,Cugy (FR),564,29
2016,Fétigny,330,28
2022,Gletterens,238,21.3
2025,Lully (FR),315,25.9
2027,Ménières,87,19.9
2029,Montagny (FR),880,30
2035,Nuvilly,114,23.4
2038,Prévondavaux,33,32.7
2041,Saint-Aubin (FR),508,26.3
2043,Sévaz,94,29.5
2044,Surpierre,277,22.9
2045,Vallon,147,29.3
2050,Les Montets,396,25
2051,Delley-Portalban,304,23.2
2053,Belmont-Broye,1689,28.9
2054,Estavayer,2638,26
2055,Cheyres-Châbles,541,22.5
2061,Auboranges,58,20.1
2063,Billens-Hennens,273,30.9
2066,Chapelle (Glâne),75,22.5
2067,Le Châtelard,77,21.8
2068,Châtonnaye,268,30.3
2072,Ecublens (FR),122,32.1
2079,Grangettes,55,25.8
2086,Massonnens,139,23.7
2087,Mézières (FR),297,27.5
2089,Montet (Glâne),136,27.6
2096,Romont (FR),1599,28.6
2097,Rue,418,26.3
2099,Siviriez,711,28.1
2102,Ursy,957,27.5
2113,Vuisternens-devant-Romont,618,26
2114,Villorsonnens,353,23.3
2115,Torny,268,25.3
2117,Villaz,624,26.6
2121,Haut-Intyamon,392,23.6
2122,Pont-en-Ogoz,501,25.4
2123,Botterens,206,28.1
2124,Broc,722,27.3
2125,Bulle,8271,32.2
2128,Châtel-sur-Montsalvens,106,30.5
2129,Corbières,252,24.7
2130,Crésuz,107,23.8
2131,Echarlens,222,26.5
2134,Grandvillard,197,22.6
2135,Gruyères,605,26.5
2137,Hauteville,173,24.6
2138,Jaun,138,21.7
2140,Marsens,565,27.3
2143,Morlon,168,25.4
2145,Le Pâquier (FR),344,25.1
2147,Pont-la-Ville,178,28.3
2148,Riaz,746,26
2149,La Roche,464,25.4
2152,Sâles,379,26.2
2153,Sorens,241,21.8
2155,Vaulruz,324,29
2160,Vuadens,675,26.6
2162,Bas-Intyamon,442,27.7
2163,Val-de-Charmey,549,21
2173,Autigny,215,27.1
2174,Avry,478,24.9
2175,Belfaux,915,26.9
2177,Chénens,214,25.6
2183,Corminboeuf,632,21.8
2186,Cottens (FR),338,22.2
2194,Ferpicloz,58,22.1
2196,Fribourg,12620,33.5
2197,Givisiez,925,29.1
2198,Granges-Paccot,1249,32.4
2200,Grolley,628,30
2206,Marly,2216,25.8
2208,Matran,476,27.7
2211,Neyruz (FR),741,26.1
2216,Pierrafortscha,42,27.3
2217,Ponthaux,211,26.5
2220,Le Mouret,770,23.7
2226,Treyvaux,412,26.9
2228,Villars-sur-Glâne,3314,26.9
2230,Villarsel-sur-Marly,16,23.5
2233,Hauterive (FR),698,26.2
2234,La Brillaz,540,25.5
2235,La Sonnaz,427,30.9
2236,Gibloux,2163,27.3
2237,Prez,663,27
2238,Bois-d’Amont,622,26.5
2250,Courgevaux,305,21.9
2254,Courtepin,1470,25.8
2257,Cressier (FR),260,24.6
2258,Fräschels,101,22.9
2261,Greng,20,11.8
2262,Gurmels,1007,22.3
2265,Kerzers,1481,28
2266,Kleinbösingen,126,17.9
2271,Meyriez,109,19.3
2272,Misery-Courtion,667,28.7
2274,Muntelier,152,15.9
2275,Murten,2127,22.6
2276,Ried bei Kerzers,309,25.3
2278,Ulmiz,85,20.1
2284,Mont-Vully,1095,24.7
2292,Brünisried,168,24.2
2293,Düdingen,2340,26.6
2294,Giffers,380,22.2
2295,Bösingen,699,20.9
2296,Heitenried,310,21.8
2299,Plaffeien,794,21.9
2300,Plasselb,236,22.7
2301,Rechthalten,222,19.6
2303,St. Silvester,217,21.3
2304,St. Ursen,358,25
2305,Schmitten (FR),1054,24.7
2306,Tafers,1782,22.8
2307,Tentlingen,343,25.7
2308,Ueberstorf,492,20.5
2309,Wünnewil-Flamatt,1446,25.6
2321,Attalens,905,24.6
2323,Bossonnens,404,25.7
2325,Châtel-Saint-Denis,2482,30.4
2328,Granges (Veveyse),231,25.1
2333,Remaufens,374,29
2335,Saint-Martin (FR),246,24.1
2336,Semsales,369,23.8
2337,Le Flon,270,22.6
2338,La Verrerie,350,26.4
2401,Egerkingen,1226,29.1
2402,Härkingen,477,27.2
2403,Kestenholz,408,21.8
2404,Neuendorf,598,25.2
2405,Niederbuchsiten,343,26.9
2406,Oberbuchsiten,625,26.7
2407,Oensingen,1924,29.1
2408,Wolfwil,530,22.2
2421,Aedermannsdorf,113,19.6
2422,Balsthal,1558,24.4
2424,Herbetswil,128,21.8
2425,Holderbank (SO),176,24
2426,Laupersdorf,434,23.3
2427,Matzendorf,302,22.4
2428,Mümliswil-Ramiswil,571,24
2430,Welschenrohr-Gänsbrunnen,256,22
2445,Biezwil,59,16.6
2455,Lüterkofen-Ichertswil,180,20.1
2456,Lüterswil-Gächliwil,67,19.3
2457,Messen,300,20.4
2461,Schnottwil,250,22.1
2463,Unterramsern,48,21.6
2464,Lüsslingen-Nennigkofen,235,21
2465,Buchegg,549,21.5
2471,Bättwil,230,19.7
2472,Büren (SO),234,22
2473,Dornach,1463,21.5
2474,Gempen,157,17
2475,Hochwald,223,17.5
2476,Hofstetten-Flüh,602,18
2477,Metzerlen-Mariastein,157,16.6
2478,Nuglar-St. Pantaleon,286,18.5
2479,Rodersdorf,248,17.9
2480,Seewen,226,21.2
2481,Witterswil,277,19.2
2491,Hauenstein-Ifenthal,54,17.3
2492,Kienberg,95,18
2493,Lostorf,792,19.5
2495,Niedergösgen,1037,25.3
2497,Obergösgen,602,24.7
2499,Stüsslingen,268,21.2
2500,Trimbach,1845,27.8
2501,Winznau,447,22.2
2502,Wisen (SO),71,16.2
2503,Erlinsbach (SO),854,23.5
2511,Aeschi (SO),270,20.7
2513,Biberist,2401,26.1
2514,Bolken,102,17.6
2516,Deitingen,536,23.1
2517,Derendingen,1765,26
2518,Etziken,287,27.2
2519,Gerlafingen,1599,28.1
2520,Halten,144,16.9
2523,Horriwil,177,20.4
2524,Hüniken,28,17.8
2525,Kriegstetten,308,22.4
2526,Lohn-Ammannsegg,652,22.1
2527,Luterbach,831,23.1
2528,Obergerlafingen,280,22.5
2529,Oekingen,184,20.7
2530,Recherswil,525,24.5
2532,Subingen,749,23.3
2534,Zuchwil,2847,30.5
2535,Drei Höfe,142,19.5
2541,Balm bei Günsberg,36,16.7
2542,Bellach,1293,23.9
2543,Bettlach,1109,22.4
2544,Feldbrunnen-St. Niklaus,207,20.2
2545,Flumenthal,252,24.6
2546,Grenchen,4674,26.1
2547,Günsberg,246,20.7
2548,Hubersdorf,102,14.4
2549,Kammersrohr,7,24.1
2550,Langendorf,700,18.2
2551,Lommiswil,305,19.1
2553,Oberdorf (SO),367,19.9
2554,Riedholz,400,17.5
2555,Rüttenen,290,19.3
2556,Selzach,831,22.9
2571,Boningen,197,24.5
2572,Däniken,732,24.8
2573,Dulliken,1415,27.1
2574,Eppenberg-Wöschnau,101,31.1
2575,Fulenbach,376,20.9
2576,Gretzenbach,621,22.5
2578,Gunzgen,374,21.8
2579,Hägendorf,1227,23.4
2580,Kappel (SO),845,24.6
2581,Olten,6070,33.1
2582,Rickenbach (SO),305,26.9
2583,Schönenwerd,1314,25.8
2584,Starrkirch-Wil,430,23
2585,Walterswil (SO),170,22.3
2586,Wangen bei Olten,1420,26
2601,Solothurn,5021,30.2
2611,Bärschwil,104,13.2
2612,Beinwil (SO),53,19.8
2613,Breitenbach,1023,24.6
2614,Büsserach,570,24.1
2615,Erschwil,203,21.5
2616,Fehren,123,20.4
2617,Grindel,86,17.1
2618,Himmelried,169,17.7
2619,Kleinlützel,232,19.5
2620,Meltingen,129,19.8
2621,Nunningen,428,21.7
2622,Zullwil,118,17.9
2701,Basel,52836,30.4
2702,Bettingen,251,19.5
2703,Riehen,3679,16.8
2761,Aesch (BL),2320,21.9
2762,Allschwil,5080,23.5
2763,Arlesheim,1575,17
2764,Biel-Benken,591,16.6
2765,Binningen,3291,21.1
2766,Birsfelden,2626,25.6
2767,Bottmingen,1340,19.4
2768,Ettingen,1198,21.4
2769,Münchenstein,2849,23.5
2770,Muttenz,3994,22.3
2771,Oberwil (BL),2164,19.2
2772,Pfeffingen,378,15.8
2773,Reinach (BL),4027,20.5
2774,Schönenbuch,263,17.8
2775,Therwil,1945,19.6
2781,Blauen,123,17.5
2782,Brislach,366,21.5
2783,Burg im Leimental,38,14
2784,Dittingen,146,20
2785,Duggingen,311,19.5
2786,Grellingen,506,26.3
2787,Laufen,1561,26.4
2788,Liesberg,207,19.1
2789,Nenzlingen,88,19
2790,Roggenburg,48,18.2
2791,Röschenz,358,19.1
2792,Wahlen,352,22.8
2793,Zwingen,762,28.4
2821,Arisdorf,370,21.7
2822,Augst,203,19.2
2823,Bubendorf,977,22
2824,Frenkendorf,1561,24
2825,Füllinsdorf,957,20.6
2826,Giebenach,258,23
2827,Hersberg,68,18.8
2828,Lausen,1607,27.8
2829,Liestal,4327,28.1
2830,Lupsingen,279,18.6
2831,Pratteln,4406,26.8
2832,Ramlinsburg,141,19
2833,Seltisberg,205,15.8
2834,Ziefen,292,17.9
2841,Anwil,96,18.1
2842,Böckten,162,20.1
2843,Buckten,143,19.9
2844,Buus,243,21.8
2845,Diepflingen,168,21.4
2846,Gelterkinden,1402,22.6
2847,Häfelfingen,45,17.4
2848,Hemmiken,45,17
2849,Itingen,541,23.3
2850,Känerkinden,86,16.3
2851,Kilchberg (BL),29,17
2852,Läufelfingen,287,21
2853,Maisprach,197,21
2854,Nusshof,39,14.1
2855,Oltingen,101,19.3
2856,Ormalingen,553,23.7
2857,Rickenbach (BL),101,17.4
2858,Rothenfluh,157,20.1
2859,Rümlingen,92,21
2860,Rünenberg,136,17.5
2861,Sissach,1691,24.8
2862,Tecknau,203,24.8
2863,Tenniken,173,19.1
2864,Thürnen,362,25.4
2865,Wenslingen,96,13.9
2866,Wintersingen,120,19.5
2867,Wittinsburg,80,18.7
2868,Zeglingen,96,19.1
2869,Zunzgen,634,23.3
2881,Arboldswil,90,15.2
2882,Bennwil,128,19.4
2883,Bretzwil,148,19.8
2884,Diegten,358,21.9
2885,Eptingen,132,23.4
2886,Hölstein,579,22.2
2887,Lampenberg,113,20.7
2888,Langenbruck,225,23.3
2889,Lauwil,46,14.5
2890,Liedertswil,24,14.7
2891,Niederdorf,441,24.6
2892,Oberdorf (BL),529,21.8
2893,Reigoldswil,339,21.7
2894,Titterten,76,18.4
2895,Waldenburg,255,23.2
2901,Gächlingen,172,18.5
2903,Löhningen,326,20.2
2904,Neunkirch,587,23.4
2914,Büttenhardt,68,16.2
2915,Dörflingen,186,17.7
2917,Lohn (SH),121,15.9
2919,Stetten (SH),332,22.6
2920,Thayngen,1179,20.7
2931,Bargen (SH),79,24.5
2932,Beringen,1308,25.4
2933,Buchberg,148,16.8
2936,Merishausen,164,18.8
2937,Neuhausen am Rheinfall,2960,27.2
2938,Rüdlingen,136,16.8
2939,Schaffhausen,10181,27
2951,Beggingen,94,20.1
2952,Schleitheim,334,19.2
2953,Siblingen,173,19.5
2961,Buch (SH),59,19
2962,Hemishofen,80,16.7
2963,Ramsen,366,23.8
2964,Stein am Rhein,723,20.2
2971,Hallau,443,19
2972,Oberhallau,88,20.5
2973,Trasadingen,93,14.6
2974,Wilchingen,355,20.4
3001,Herisau,4094,26
3002,Hundwil,211,22.7
3003,Schönengrund,144,26.4
3004,Schwellbrunn,351,22.5
3005,Stein (AR),326,22.7
3006,Urnäsch,552,24
3007,Waldstatt,394,21.3
3021,Bühler,452,24.6
3022,Gais,709,22.8
3023,Speicher,929,21
3024,Teufen (AR),1493,23.2
3025,Trogen,352,19.1
3031,Grub (AR),209,21.2
3032,Heiden,918,21.7
3033,Lutzenberg,254,19.4
3034,Rehetobel,370,21.4
3035,Reute (AR),134,19.2
3036,Wald (AR),193,21.1
3037,Walzenhausen,421,21.2
3038,Wolfhalden,392,20.9
3101,Appenzell,1532,26.1
3102,Gonten,328,22.4
3104,Schlatt-Haslen,271,24.5
3111,Oberegg,418,21.7
3112,Schwende-Rüte,1541,25.5
3201,Häggenschwil,347,24.9
3202,Muolen,330,26.3
3203,St. Gallen,25343,32.9
3204,Wittenbach,2370,23.9
3211,Berg (SG),222,22.5
3212,Eggersriet,437,18.5
3213,Goldach,2296,24
3214,Mörschwil,768,21.2
3215,Rorschach,2912,29.8
3216,Rorschacherberg,1869,24.5
3217,Steinach,816,22.8
3218,Tübach,405,25.5
3219,Untereggen,208,20.3
3231,Au (SG),2344,28.4
3232,Balgach,1431,28.2
3233,Berneck,894,22.6
3234,Diepoldsau,1827,26.5
3235,Rheineck,936,26.9
3236,St. Margrethen,1792,28.7
3237,Thal,1701,24.6
3238,Widnau,2813,27.6
3251,Altstätten,3351,27.3
3252,Eichberg,372,23.9
3253,Marbach (SG),555,26
3254,Oberriet (SG),2403,26.2
3255,Rebstein,1333,27.2
3256,Rüthi (SG),613,24.8
3271,Buchs (SG),4087,30
3272,Gams,888,24.6
3273,Grabs,1768,24.2
3274,Sennwald,1733,28.4
3275,Sevelen,1417,26.8
3276,Wartau,1320,24.5
3291,Bad Ragaz,1753,26.3
3292,Flums,1412,27.1
3293,Mels,2491,26.8
3294,Pfäfers,329,21
3295,Quarten,675,22.5
3296,Sargans,1911,29.7
3297,Vilters-Wangs,1140,22.7
3298,Walenstadt,1364,23.7
3311,Amden,312,16.9
3312,Benken (SG),682,22.6
3313,Kaltbrunn,1328,26.3
3315,Schänis,963,23.9
3316,Weesen,437,23.7
3338,Schmerikon,1048,25.5
3339,Uznach,1774,25.9
3340,Rapperswil-Jona,7298,25.8
3341,Gommiswald,1286,23.1
3342,Eschenbach (SG),2452,24.5
3352,Ebnat-Kappel,1066,21.4
3359,Wildhaus-Alt St. Johann,496,19
3360,Nesslau,813,21.8
3372,Hemberg,181,19
3374,Lichtensteig,530,26.8
3375,Oberhelfenschwil,267,21.4
3378,Neckertal,953,23.1
3379,Wattwil,2200,24.6
3392,Kirchberg (SG),2481,25.8
3393,Lütisburg,387,23.9
3394,Mosnang,676,23.2
3395,Bütschwil-Ganterschwil,1452,28.1
3401,Degersheim,846,20.7
3402,Flawil,2604,24.9
3405,Jonschwil,943,23.8
3407,Oberuzwil,1735,26.5
3408,Uzwil,3833,27.7
3422,Niederbüren,369,24.2
3423,Niederhelfenschwil,698,21.8
3424,Oberbüren,1210,26.4
3426,Zuzwil (SG),1137,22.8
3427,Wil (SG),6871,28
3441,Andwil (SG),432,20.4
3442,Gaiserwald,1933,22.7
3443,Gossau (SG),4858,26.7
3444,Waldkirch,748,21.2
3506,Vaz/Obervaz,668,24.3
3513,Lantsch/Lenz,108,20.3
3514,Schmitten (GR),33,15.6
3542,Albula/Alvra,280,21.1
3543,Surses,487,20.5
3544,Bergün Filisur,205,23.2
3551,Brusio,200,17.8
3561,Poschiavo,676,19.5
3572,Falera,134,21
3575,Laax,540,27
3581,Sagogn,148,19.6
3582,Schluein,145,24.3
3603,Vals,255,26.7
3618,Lumnezia,431,21.2
3619,Ilanz/Glion,1141,23
3633,Fürstenau,66,18.8
3637,Rothenbrunnen,71,23.6
3638,Scharans,187,22.7
3640,Sils im Domleschg,207,21.1
3661,Cazis,558,23.8
3662,Flerden,55,21.9
3663,Masein,106,20.5
3668,Thusis,836,24.5
3669,Tschappina,24,16.9
3670,Urmein,19,11.4
3672,Safiental,213,22.4
3673,Domleschg,486,22.1
3681,Avers,33,19.6
3695,Sufers,26,17.9
3701,Andeer,159,17.3
3711,Rongellen,14,23.7
3712,Zillis-Reischen,90,22.3
3713,Ferrera,17,23.3
3714,Rheinwald,128,22.7
3715,Muntogna da Schons,89,23.2
3721,Bonaduz,852,24.4
3722,Domat/Ems,2103,25.6
3723,Rhäzüns,391,24.3
3731,Felsberg,707,25.4
3732,Flims,780,26.7
3733,Tamins,255,21.2
3734,Trin,331,22.2
3746,Zernez,327,21.3
3752,Samnaun,199,25.2
3762,Scuol,970,21.1
3764,Valsot,156,18.9
3781,Bever,117,19.3
3782,Celerina/Schlarigna,329,23.1
3783,Madulain,35,16.8
3784,Pontresina,455,21.7
3785,La Punt Chamues-ch,146,20.9
3786,Samedan,713,24.5
3787,St. Moritz,1164,23.6
3788,S-chanf,169,24
3789,Sils im Engadin/Segl,150,21.5
3790,Silvaplana,207,19.1
3791,Zuoz,232,18.9
3792,Bregaglia,309,19.6
3804,Buseno,10,12
3805,Castaneda,42,15.7
3808,Rossa,23,14.6
3810,Santa Maria in Calanca,18,14.9
3821,Lostallo,196,22.9
3822,Mesocco,245,17.9
3823,Soazza,63,19
3831,Cama,155,23.6
3832,Grono,360,23.8
3834,Roveredo (GR),562,21.4
3835,San Vittore,236,27
3837,Calanca,35,16.1
3847,Val Müstair,261,18.3
3851,Davos,2693,25.1
3861,Fideris,142,23.2
3862,Furna,43,21
3863,Jenaz,220,19.2
3871,Klosters,971,22
3881,Conters im Prättigau,44,18.3
3882,Küblis,228,25.4
3891,Luzein,347,21.4
3901,Chur,10539,27.6
3911,Churwalden,580,27.3
3921,Arosa,774,25.3
3932,Tschiertschen-Praden,58,19.1
3945,Trimmis,757,22.3
3946,Untervaz,659,25.3
3947,Zizers,852,24
3951,Fläsch,233,27.3
3952,Jenins,230,24.5
3953,Maienfeld,744,23.7
3954,Malans,546,21.8
3955,Landquart,2275,24.9
3961,Grüsch,464,21.6
3962,Schiers,728,25.4
3972,Seewis im Prättigau,351,24.6
3981,Breil/Brigels,382,22.2
3982,Disentis/Mustér,412,20.5
3983,Medel (Lucmagn),81,24.4
3985,Sumvitg,237,21.9
3986,Tujetsch,228,19.3
3987,Trun,253,22
3988,Obersa Mundaun,225,19.8
4001,Aarau,6884,31.6
4002,Biberstein,263,16.2
4003,Buchs (AG),2303,27.7
4004,Densbüren,163,21.9
4005,Erlinsbach (AG),965,21.6
4006,Gränichen,2128,25.2
4007,Hirschthal,397,23.6
4008,Küttigen,1395,21.3
4009,Muhen,824,20.4
4010,Oberentfelden,2290,26.1
4012,Suhr,3033,27.7
4013,Unterentfelden,1095,24.9
4021,Baden,6324,31.9
4022,Bellikon,313,19.9
4023,Bergdietikon,621,21.1
4024,Birmenstorf (AG),659,21.9
4026,Ennetbaden,904,25
4027,Fislisbach,1488,24.9
4028,Freienwil,237,21.5
4029,Gebenstorf,1416,25
4030,Killwangen,429,20.7
4031,Künten,425,22.5
4032,Mägenwil,565,25.8
4033,Mellingen,1672,27.8
4034,Neuenhof,2607,29.1
4035,Niederrohrdorf,1093,24.3
4037,Oberrohrdorf,828,19.9
4038,Obersiggenthal,1978,22.5
4039,Remetschwil,414,20
4040,Spreitenbach,3689,29.9
4041,Stetten (AG),687,28.4
4042,Turgi,983,32.7
4044,Untersiggenthal,1831,24.5
4045,Wettingen,5294,25.1
4046,Wohlenschwil,458,25.2
4047,Würenlingen,1339,26.8
4048,Würenlos,1348,20
4049,Ehrendingen,1070,22.2
4061,Arni (AG),375,19.9
4062,Berikon,1056,21.6
4063,Bremgarten (AG),2425,27.9
4064,Büttikon,242,21.8
4065,Dottikon,1129,27.6
4066,Eggenwil,213,20.5
4067,Fischbach-Göslikon,437,25.5
4068,Hägglingen,534,21.8
4071,Jonen,482,20.8
4072,Niederwil (AG),761,25.3
4073,Oberlunkhofen,421,20.1
4074,Oberwil-Lieli,543,21
4075,Rudolfstetten-Friedlisberg,1166,25.2
4076,Sarmenstorf,729,23.8
4077,Tägerig,333,21.8
4078,Uezwil,121,24.1
4079,Unterlunkhofen,373,24
4080,Villmergen,2102,26.7
4081,Widen,793,20.5
4082,Wohlen (AG),4397,25.7
4083,Zufikon,1042,22.1
4084,Islisberg,164,23.6
4091,Auenstein,377,22.6
4092,Birr,1182,25.7
4093,Birrhard,181,23.9
4095,Brugg,3523,27.2
4099,Habsburg,77,18
4100,Hausen (AG),998,26.2
4104,Lupfig,773,23.5
4105,Mandach,78,22.7
4106,Mönthal,51,12.9
4107,Mülligen,278,25
4110,Remigen,299,22
4111,Riniken,323,21.2
4112,Rüfenach,181,21.1
4117,Thalheim (AG),184,20.2
4120,Veltheim (AG),355,23.4
4121,Villigen,513,23.5
4122,Villnachern,309,18.6
4123,Windisch,2265,28.2
4124,Bözberg,342,20.6
4125,Schinznach,519,21.6
4131,Beinwil am See,766,22
4132,Birrwil,325,23.9
4133,Burg (AG),298,27.2
4134,Dürrenäsch,286,21.2
4135,Gontenschwil,467,22
4136,Holziken,518,30.8
4137,Leimbach (AG),114,22.7
4138,Leutwil,124,16.7
4139,Menziken,1679,24.8
4140,Oberkulm,671,23.4
4141,Reinach (AG),2360,25.6
4142,Schlossrued,182,21.7
4143,Schmiedrued,250,21.6
4144,Schöftland,1111,24.6
4145,Teufenthal (AG),470,27
4146,Unterkulm,931,26.5
4147,Zetzwil,316,22.9
4161,Eiken,595,24.7
4163,Frick,1504,26.3
4164,Gansingen,227,21
4165,Gipf-Oberfrick,873,23
4166,Herznach,380,23.9
4169,Kaisten,631,22.3
4170,Laufenburg,795,21.6
4172,Münchwilen (AG),288,27.9
4173,Oberhof,95,16.5
4175,Oeschgen,280,24.3
4176,Schwaderloch,169,24
4177,Sisseln,416,24.7
4179,Ueken,263,27
4181,Wittnau,336,24.3
4182,Wölflinswil,233,22.6
4183,Zeihen,296,24.3
4184,Mettauertal,397,18.9
4185,Böztal,630,22.2
4191,Ammerswil,160,20.6
4192,Boniswil,415,24.9
4193,Brunegg,240,27.4
4194,Dintikon,583,24.5
4195,Egliswil,374,24.2
4196,Fahrwangen,612,24.9
4197,Hallwil,276,27.5
4198,Hendschiken,383,28.7
4199,Holderbank (AG),458,30.8
4200,Hunzenschwil,1287,29.9
4201,Lenzburg,3816,34.5
4202,Meisterschwanden,749,22.9
4203,Möriken-Wildegg,1019,21.8
4204,Niederlenz,1189,24.9
4205,Othmarsingen,928,30
4206,Rupperswil,1642,27.8
4207,Schafisheim,659,21.7
4208,Seengen,946,21.8
4209,Seon,1389,25.6
4210,Staufen,1263,30.3
4221,Abtwil,277,26.3
4222,Aristau,399,25.1
4223,Auw,567,24.9
4224,Beinwil (Freiamt),311,24.9
4226,Besenbüren,137,21.8
4227,Bettwil,170,25
4228,Boswil,804,26.5
4229,Bünzen,300,25.1
4230,Buttwil,299,23.5
4231,Dietwil,349,24.4
4232,Geltwil,54,24
4233,Kallern,86,21.1
4234,Merenschwand,953,25.4
4235,Mühlau,364,28.9
4236,Muri (AG),2184,26.1
4237,Oberrüti,354,22.2
4238,Rottenschwil,238,26.1
4239,Sins,1063,24.4
4240,Waltenschwil,761,24.6
4251,Hellikon,166,20.3
4252,Kaiseraugst,1366,24.9
4253,Magden,714,18.3
4254,Möhlin,2608,23.2
4255,Mumpf,429,27.8
4256,Obermumpf,246,22.9
4257,Olsberg,56,15.5
4258,Rheinfelden,3486,25.6
4259,Schupfart,196,22.8
4260,Stein (AG),907,26.6
4261,Wallbach,439,21.3
4262,Wegenstetten,201,20
4263,Zeiningen,544,21.8
4264,Zuzgen,177,19.8
4271,Aarburg,2691,30.8
4273,Bottenwil,195,22.9
4274,Brittnau,1004,24.3
4275,Kirchleerau,238,25.6
4276,Kölliken,1204,25.3
4277,Moosleerau,240,26.1
4279,Murgenthal,708,23.1
4280,Oftringen,4317,28.7
4281,Reitnau,394,24.9
4282,Rothrist,2319,24.2
4283,Safenwil,1143,25.9
4284,Staffelbach,364,27.1
4285,Strengelbach,1193,24.1
4286,Uerkheim,289,20.8
4287,Vordemwald,346,17.5
4288,Wiliberg,31,18.6
4289,Zofingen,3456,27.8
4303,Böttstein,972,23.5
4304,Döttingen,1204,27.5
4305,Endingen,568,21.8
4306,Fisibach,142,24.4
4307,Full-Reuenthal,181,18.9
4309,Klingnau,819,22.7
4310,Koblenz,391,23.4
4311,Leibstadt,399,26.5
4312,Lengnau (AG),643,22.4
4313,Leuggern,548,23.4
4314,Mellikon,35,15.2
4318,Schneisingen,313,20.5
4319,Siglistorf,169,23.7
4320,Tegerfelden,313,24.4
4324,Zurzach,1772,22.4
4401,Arbon,3727,24.1
4406,Dozwil,140,19.6
4411,Egnach,1139,23.3
4416,Hefenhofen,349,26.7
4421,Horn,677,23.3
4426,Kesswil,180,17.9
4431,Roggwil (TG),826,24.6
4436,Romanshorn,3066,26.5
4441,Salmsach,452,28.7
4446,Sommeri,206,31.5
4451,Uttwil,388,20.2
4461,Amriswil,4103,28.7
4471,Bischofszell,1587,26.2
4476,Erlen,1003,25.8
4486,Hauptwil-Gottshaus,527,25.8
4495,Hohentannen,182,27.5
4501,Kradolf-Schönenberg,1020,27.8
4506,Sulgen,1124,27.7
4511,Zihlschlacht-Sitterdorf,687,27.1
4536,Basadingen-Schlattingen,391,21.2
4545,Diessenhofen,1043,25.3
4546,Schlatt (TG),415,22.3
4551,Aadorf,2264,24
4561,Felben-Wellhausen,842,26.3
4566,Frauenfeld,7334,28.1
4571,Gachnang,1131,24.8
4590,Hüttlingen,201,23.6
4591,Matzingen,928,29.8
4601,Neunforn,262,24.1
4606,Stettfurt,252,20.4
4611,Thundorf,369,23.1
4616,Uesslingen-Buch,274,24.5
4621,Warth-Weiningen,322,23
4641,Altnau,483,20.6
4643,Bottighofen,529,19.6
4646,Ermatingen,739,19.6
4651,Gottlieben,67,19.4
4656,Güttingen,368,21.4
4666,Kemmental,639,23.4
4671,Kreuzlingen,6309,27.7
4681,Langrickenbach,368,25.5
4683,Lengwil,396,22.5
4691,Münsterlingen,802,22.8
4696,Tägerwilen,1242,24.1
4701,Wäldi,239,21.4
4711,Affeltrangen,698,25.1
4716,Bettwiesen,379,29.7
4721,Bichelsee-Balterswil,714,23.7
4723,Braunau,247,28.9
4724,Eschlikon,1363,28.1
4726,Fischingen,714,24.3
4741,Lommis,279,22.2
4746,Münchwilen (TG),1414,24.2
4751,Rickenbach (TG),925,30.8
4756,Schönholzerswilen,233,26.4
4761,Sirnach,2155,27.1
4776,Tobel-Tägerschen,430,26.6
4781,Wängi,1136,23.6
4786,Wilen (TG),545,21.7
4791,Wuppenau,257,21.6
4801,Berlingen,160,17.2
4806,Eschenz,383,20.4
4811,Herdern,258,22.7
4816,Homburg,328,20.8
4821,Hüttwilen,349,19.7
4826,Mammern,136,19.6
4831,Müllheim,790,24.5
4841,Pfyn,553,25
4846,Raperswilen,96,22.1
4851,Salenstein,256,17.8
4864,Steckborn,793,19.8
4871,Wagenhausen,393,22
4881,Amlikon-Bissegg,319,23.2
4891,Berg (TG),836,23.7
4901,Birwinken,332,24
4911,Bürglen (TG),1220,30
4921,Bussnang,711,27.9
4941,Märstetten,761,26
4946,Weinfelden,3394,28.5
4951,Wigoltingen,578,22.2
5001,Arbedo-Castione,1240,24.4
5002,Bellinzona,10526,23.8
5003,Cadenazzo,884,28.8
5009,Isone,74,19.1
5010,Lumino,378,23.4
5017,Sant'Antonino,651,25.2
5048,Acquarossa,363,19.8
5049,Blenio,330,18.9
5050,Serravalle,420,20.5
5061,Airolo,300,20.9
5063,Bedretto,12,12.8
5064,Bodio,195,21.9
5071,Dalpe,28,15.8
5072,Faido,506,18.2
5073,Giornico,139,17.6
5076,Personico,63,20.5
5077,Pollegio,253,30
5078,Prato (Leventina),72,18.9
5079,Quinto,164,17.2
5091,Ascona,965,17.8
5096,Brione sopra Minusio,69,15.3
5097,Brissago,216,13.4
5108,Gordola,1074,22.3
5112,Lavertezzo,257,21.2
5113,Locarno,3763,23.2
5115,Losone,1393,20.8
5117,Mergoscia,34,17.2
5118,Minusio,1448,19.5
5120,Muralto,529,20.5
5121,Orselina,107,15.3
5125,Ronco sopra Ascona,69,12.8
5131,Tenero-Contra,730,22.5
5136,Onsernone,97,14.4
5138,Cugnasco-Gerra,592,20.8
5141,Agno,1007,22.5
5143,Aranno,63,17.5
5144,Arogno,186,19.5
5146,Astano,34,11.4
5148,Bedano,293,19.6
5149,Bedigliora,129,20.8
5151,Bioggio,631,23.1
5154,Bissone,183,19.4
5160,Brusino Arsizio,68,14.8
5161,Cademario,149,18.9
5162,Cadempino,362,24.1
5167,Canobbio,548,23.5
5171,Caslano,762,17.6
5176,Comano,407,18.9
5180,Cureglia,337,22.7
5181,Curio,145,23.8
5186,Grancia,110,23.3
5187,Gravesano,291,21.3
5189,Lamone,419,24.1
5192,Lugano,14968,24
5193,Magliaso,307,18.6
5194,Manno,273,20.5
5196,Massagno,1773,27
5198,Melide,387,21.5
5199,Mezzovico-Vira,258,18.7
5200,Miglieglia,49,15.8
5203,Morcote,110,15.4
5205,Muzzano,184,22.6
5206,Neggio,65,20.2
5207,Novaggio,181,21.9
5208,Origlio,269,17.8
5210,Paradiso,1132,24.5
5212,Ponte Capriasca,387,20.1
5214,Porza,384,24.1
5216,Pura,273,20
5221,Savosa,431,19.5
5225,Sorengo,525,25.4
5226,Capriasca,1346,20
5227,Torricella-Taverne,704,22.9
5230,Vernate,133,21.5
5231,Vezia,386,20.1
5233,Vico Morcote,76,18.3
5236,Collina d'Oro,887,18.4
5237,Alto Malcantone,270,19.5
5238,Monteceneri,1183,25.2
5239,Tresa,500,16.3
5240,Val Mara,637,21.3
5242,Balerna,758,23
5249,Castel San Pietro,465,20.9
5250,Chiasso,1403,18.9
5251,Coldrerio,561,19.7
5254,Mendrisio,3432,23
5257,Morbio Inferiore,725,16.6
5260,Novazzano,446,19
5263,Riva San Vitale,556,20.9
5266,Stabio,862,19.3
5268,Vacallo,610,18.2
5269,Breggia,349,18.2
5281,Biasca,1359,22.2
5287,Riviera,920,22
5304,Bosco/Gurin,11,20.8
5307,Campo (Vallemaggia),8,16.3
5309,Cerentino,3,8.3
5310,Cevio,220,19.8
5315,Linescio,5,11.9
5317,Maggia,543,20.7
5323,Lavizzara,88,18
5324,Avegno Gordevio,333,21.4
5396,Terre di Pedemonte,520,19.3
5397,Centovalli,192,17.4
5398,Gambarogno,995,19.6
5399,Verzasca,151,18.8
5401,Aigle,3028,27.7
5402,Bex,2138,26.2
5403,Chessel,162,30.7
5404,Corbeyrier,63,14.3
5405,Gryon,277,20
5406,Lavey-Morcles,249,25.5
5407,Leysin,1053,28.3
5408,Noville,272,23.3
5409,Ollon,1667,20.9
5410,Ormont-Dessous,251,21.4
5411,Ormont-Dessus,286,20.1
5412,Rennaz,251,27.1
5413,Roche (VD),531,27.4
5414,Villeneuve (VD),1633,27.4
5415,Yvorne,256,23.6
5422,Aubonne,888,23.4
5423,Ballens,158,26.8
5424,Berolle,80,26.6
5425,Bière,431,25.7
5426,Bougy-Villars,117,23.1
5427,Féchy,173,19.5
5428,Gimel,617,25.5
5429,Longirod,120,22.3
5430,Marchissy,119,23.8
5431,Mollens (VD),96,29.6
5434,Saint-George,190,17.8
5435,Saint-Livres,174,25
5436,Saint-Oyens,106,23.3
5437,Saubraz,109,24.3
5451,Avenches,1273,27.2
5456,Cudrefin,431,23
5458,Faoug,221,24.4
5464,Vully-les-Lacs,861,24.4
5471,Bettens,200,30.8
5472,Bournens,137,26.8
5473,Boussens,237,23.6
5474,La Chaux (Cossonay),87,21.1
5475,Chavannes-le-Veyron,42,25.8
5476,Chevilly,83,25.1
5477,Cossonay,1354,30.9
5479,Cuarnens,157,28.8
5480,Daillens,235,22.2
5481,Dizy,60,25.9
5482,Eclépens,335,28
5483,Ferreyres,57,18.5
5484,Gollion,264,25.6
5485,Grancy,120,24.5
5486,L'Isle,259,23.7
5487,Lussery-Villars,135,28
5488,Mauraz,17,26.2
5489,Mex (VD),229,28
5490,Moiry,60,20.2
5491,Mont-la-Ville,99,19.7
5492,Montricher,260,26.6
5493,Orny,135,27.8
5495,Penthalaz,844,26.3
5496,Penthaz,466,24.2
5497,Pompaples,226,26.3
5498,La Sarraz,644,24.7
5499,Senarclens,105,21.2
5501,Sullens,313,26.8
5503,Vufflens-la-Ville,291,21.8
5511,Assens,444,26.6
5512,Bercher,337,24.8
5514,Bottens,366,27.1
5515,Bretigny-sur-Morrens,226,25.8
5516,Cugy (VD),593,22
5518,Echallens,1455,25
5520,Essertines-sur-Yverdon,298,27.6
5521,Etagnières,252,22
5522,Fey,153,20.8
5523,Froideville,664,24.4
5527,Morrens (VD),281,24
5529,Oulens-sous-Echallens,129,21.3
5530,Pailly,122,21.6
5531,Penthéréaz,101,23.4
5533,Poliez-Pittet,198,23.4
5534,Rueyres,73,24.1
5535,Saint-Barthélemy (VD),219,27.2
5537,Villars-le-Terroir,335,25.6
5539,Vuarrens,275,24.8
5540,Montilliez,505,26.7
5541,Goumoëns,242,20.7
5551,Bonvillars,85,16.9
5552,Bullet,137,20.9
5553,Champagne,268,25
5554,Concise,226,22.5
5555,Corcelles-près-Concise,103,24.9
5556,Fiez,96,22
5557,Fontaines-sur-Grandson,53,24.8
5559,Giez,122,27.2
5560,Grandevent,38,16
5561,Grandson,861,25.6
5562,Mauborget,27,19.4
5563,Mutrux,34,22.5
5564,Novalles,18,18.2
5565,Onnens (VD),85,17.2
5566,Provence,114,28.3
5568,Sainte-Croix,1073,22
5571,Tévenon,164,18.9
5581,Belmont-sur-Lausanne,874,22.8
5582,Cheseaux-sur-Lausanne,1174,26
5583,Crissier,2929,31.9
5584,Epalinges,2663,27.1
5585,Jouxtens-Mézery,312,21.3
5586,Lausanne,49077,34.7
5587,Le Mont-sur-Lausanne,2404,25.9
5588,Paudex,405,26.1
5589,Prilly,3724,30.3
5590,Pully,4549,24
5591,Renens (VD),6913,32.8
5592,Romanel-sur-Lausanne,1116,29.5
5601,Chexbres,471,21.4
5604,Forel (Lavaux),476,23.1
5606,Lutry,2435,22.7
5607,Puidoux,816,27.3
5609,Rivaz,93,28
5610,Saint-Saphorin (Lavaux),103,25.7
5611,Savigny,778,22.8
5613,Bourg-en-Lavaux,1150,21.4
5621,Aclens,157,28.2
5622,Bremblens,136,22.4
5623,Buchillon,129,19.1
5624,Bussigny,3242,31.3
5627,Chavannes-près-Renens,3401,38.9
5628,Chigny,86,20.5
5629,Clarmont,52,24.4
5631,Denens,155,21.7
5632,Denges,542,30.6
5633,Echandens,786,27.2
5634,Echichens,748,23.3
5635,Ecublens (VD),4341,33.1
5636,Etoy,656,22.4
5637,Lavigny,245,23.7
5638,Lonay,673,25.2
5639,Lully (VD),183,22.2
5640,Lussy-sur-Morges,128,17.6
5642,Morges,5608,32
5643,Préverenges,1276,24.5
5645,Romanel-sur-Morges,104,22.6
5646,Saint-Prex,1330,22.7
5648,Saint-Sulpice (VD),1563,31
5649,Tolochenaz,478,25.3
5650,Vaux-sur-Morges,47,25.4
5651,Villars-Sainte-Croix,219,22.3
5652,Villars-sous-Yens,147,23.9
5653,Vufflens-le-Château,180,20.4
5654,Vullierens,141,25.1
5655,Yens,298,19.7
5656,Hautemorges,1028,24.2
5661,Boulens,110,28.8
5663,Bussy-sur-Moudon,53,21.5
5665,Chavannes-sur-Moudon,53,24.3
5669,Curtilles,73,25.2
5671,Dompierre (VD),47,19
5673,Hermenches,82,22.1
5674,Lovatens,44,30.8
5675,Lucens,1201,27.2
5678,Moudon,1614,26.4
5680,Ogens,75,23.1
5683,Prévonloup,66,30
5684,Rossenges,36,39.1
5688,Syens,44,27
5690,Villars-le-Comte,28,20.3
5692,Vucherens,170,26.8
5693,Montanaire,690,24.5
5701,Arnex-sur-Nyon,57,23.5
5702,Arzier-Le Muids,603,20.4
5703,Bassins,346,23.3
5704,Begnins,404,20.8
5705,Bogis-Bossey,178,19.1
5706,Borex,223,19.6
5707,Chavannes-de-Bogis,243,18.1
5708,Chavannes-des-Bois,157,15.5
5709,Chéserex,249,20
5710,Coinsins,103,20.7
5711,Commugny,502,16.9
5712,Coppet,597,18.6
5713,Crans (VD),406,17.2
5714,Crassier,270,21.8
5715,Duillier,273,24.5
5716,Eysins,403,22.7
5717,Founex,716,19
5718,Genolier,351,17.4
5719,Gingins,251,19.8
5720,Givrins,193,18.9
5721,Gland,3832,28
5722,Grens,97,24.3
5723,Mies,382,17.1
5724,Nyon,6408,28.5
5725,Prangins,901,21.1
5726,La Rippe,231,19.3
5727,Saint-Cergue,602,21.6
5728,Signy-Avenex,113,19.3
5729,Tannay,288,16.7
5730,Trélex,266,18.6
5731,Le Vaud,269,19.2
5732,Vich,285,24.6
5741,L'Abergement,47,18.1
5742,Agiez,99,26.1
5743,Arnex-sur-Orbe,186,26.9
5744,Ballaigues,295,25.6
5745,Baulmes,331,29.2
5746,Bavois,313,31
5747,Bofflens,52,25.6
5748,Bretonnières,60,22.7
5749,Chavornay,1602,29.7
5750,Les Clées,39,21
5752,Croy,89,23.1
5754,Juriens,104,30
5755,Lignerolle,121,27.1
5756,Montcherand,107,21.6
5757,Orbe,2237,29.4
5758,La Praz,46,25.1
5759,Premier,34,14.4
5760,Rances,134,25.7
5761,Romainmôtier-Envy,109,19.5
5762,Sergey,33,23.6
5763,Valeyres-sous-Rances,134,22.1
5764,Vallorbe,1000,25.3
5765,Vaulion,126,26.1
5766,Vuiteboeuf,170,28.7
5785,Corcelles-le-Jorat,124,25.7
5790,Maracon,121,22.2
5792,Montpreveyres,172,26
5798,Ropraz,160,30.4
5799,Servion,461,21.6
5803,Vulliens,188,29.7
5804,Jorat-Menthue,375,24
5805,Oron,1558,25.5
5806,Jorat-Mézières,737,23.7
5812,Champtauroz,52,30.8
5813,Chevroux,119,22.9
5816,Corcelles-près-Payerne,844,29.7
5817,Grandcour,237,23.7
5819,Henniez,129,31.3
5821,Missy,83,21.4
5822,Payerne,2802,27.1
5827,Trey,68,22.7
5828,Treytorrens (Payerne),21,20
5830,Villarzel,117,24
5831,Valbroye,857,25.5
5841,Château-d'Oex,783,22
5842,Rossinière,110,20.7
5843,Rougemont,171,20.6
5851,Allaman,103,24.3
5852,Bursinel,112,22.2
5853,Bursins,174,22.7
5854,Burtigny,92,22.2
5855,Dully,134,21.4
5856,Essertines-sur-Rolle,145,19.5
5857,Gilly,352,24.3
5858,Luins,142,23.1
5859,Mont-sur-Rolle,593,21.4
5860,Perroy,383,24.8
5861,Rolle,1491,23.6
5862,Tartegnin,60,24.1
5863,Vinzel,86,22.7
5871,L'Abbaye,324,21.1
5872,Le Chenit,1023,22.2
5873,Le Lieu,183,20.7
5882,Chardonne,736,23.1
5883,Corseaux,487,21.1
5884,Corsier-sur-Vevey,868,25.8
5885,Jongny,482,26.2
5886,Montreux,6907,26.3
5889,La Tour-de-Peilz,2989,24.1
5890,Vevey,6288,31.9
5891,Veytaux,259,26.6
5892,Blonay - Saint-Légier,2443,20.2
5902,Belmont-sur-Yverdon,106,24.4
5903,Bioley-Magnoux,56,22.7
5904,Chamblon,151,26.6
5905,Champvent,193,26.5
5907,Chavannes-le-Chêne,90,28.5
5908,Chêne-Pâquier,44,27.2
5909,Cheseaux-Noréaz,155,21.1
5910,Cronay,97,23.7
5911,Cuarny,63,26.6
5912,Démoret,54,32.3
5913,Donneloye,242,26.7
5914,Ependes (VD),94,25.3
5919,Mathod,225,32.9
5921,Molondin,73,28.2
5922,Montagny-près-Yverdon,198,25.6
5923,Oppens,48,23.6
5924,Orges,126,31
5925,Orzens,48,23.1
5926,Pomy,220,25.5
5928,Rovray,42,21.6
5929,Suchy,178,26.5
5930,Suscévaz,42,19.2
5931,Treycovagnes,130,25
5932,Ursins,64,27.7
5933,Valeyres-sous-Montagny,153,21.8
5934,Valeyres-sous-Ursins,46,19.1
5935,Villars-Epeney,25,27.5
5937,Vugelles-La Mothe,28,20.4
5938,Yverdon-les-Bains,8157,27.3
5939,Yvonand,852,24.1
6002,Brig-Glis,3561,26.1
6004,Eggerberg,69,21.8
6007,Naters,2600,24.8
6008,Ried-Brig,467,21.4
6009,Simplon,55,19
6010,Termen,265,23
6011,Zwischbergen,14,19.2
6021,Ardon,1033,29
6022,Chamoson,1012,24.2
6023,Conthey,2252,25.1
6024,Nendaz,1716,24.7
6025,Vétroz,1719,26.4
6032,Bourg-Saint-Pierre,46,21.1
6033,Liddes,164,22
6034,Orsières,705,21.8
6035,Sembrancher,290,27.6
6037,Val de Bagnes,2611,24.4
6052,Bellwald,58,17.2
6054,Binn,17,13.3
6056,Ernen,101,19.1
6057,Fiesch,203,21.9
6058,Fieschertal,73,20.8
6061,Lax,50,15
6076,Obergoms,118,18.4
6077,Goms,206,18
6082,Ayent,917,21.6
6083,Evolène,383,23.1
6084,Hérémence,330,22.2
6087,Saint-Martin (VS),152,18.3
6089,Vex,416,22.4
6090,Mont-Noble,169,15.2
6101,Agarn,175,24.7
6102,Albinen,52,20.6
6104,Ergisch,35,19.6
6109,Inden,24,20.7
6110,Leuk,1010,24.4
6111,Leukerbad,282,21.8
6112,Oberems,32,25.2
6113,Salgesch,415,25
6116,Varen,133,19.2
6117,Guttet-Feschel,95,21.7
6118,Gampel-Bratsch,517,24.4
6119,Turtmann-Unterems,298,25.7
6131,Bovernier,257,28.2
6133,Fully,2294,25.4
6134,Isérables,178,21.5
6135,Leytron,716,21.8
6136,Martigny,6116,29.2
6137,Martigny-Combe,569,24.4
6139,Riddes,986,27.9
6140,Saillon,734,24.5
6141,Saxon,2016,30.1
6142,Trient,33,20.6
6151,Champéry,258,19.1
6152,Collombey-Muraz,2731,28
6153,Monthey,4911,26.6
6154,Port-Valais,1227,27.9
6155,Saint-Gingolph,213,21.6
6156,Troistorrents,1087,22.5
6157,Val-d'Illiez,540,25.2
6158,Vionnaz,720,24.8
6159,Vouvry,1140,25.5
6172,Bister,11,26.8
6173,Bitsch,337,30
6177,Grengiols,95,22.7
6181,Riederalp,65,15.2
6191,Ausserberg,154,24.4
6192,Blatten,48,16.1
6193,Bürchen,166,22.1
6194,Eischoll,86,19.3
6195,Ferden,48,19.1
6197,Kippel,72,22.2
6198,Niedergesteln,162,21.8
6199,Raron,458,23.4
6201,Unterbäch,111,22.9
6202,Wiler (Lötschen),103,18.6
6203,Mörel-Filet,156,21.7
6204,Steg-Hohtenn,412,24.1
6205,Bettmeralp,102,22
6211,Collonges,198,23.5
6212,Dorénaz,288,26.5
6213,Evionnaz,367,25.9
6214,Finhaut,65,17.9
6215,Massongex,575,29
6217,Saint-Maurice,1152,25.4
6218,Salvan,338,23
6219,Vernayaz,466,25.7
6220,Vérossaz,247,28.5
6232,Chalais,899,23.9
6235,Chippis,422,27.1
6238,Grône,634,24.9
6239,Icogne,120,18.9
6240,Lens,953,21.6
6246,Saint-Léonard,700,27.5
6248,Sierre,4457,25.8
6252,Anniviers,584,21.6
6253,Crans-Montana,2639,25.7
6254,Noble-Contrée,1023,22.1
6261,Arbaz,305,21.9
6263,Grimisuat,858,22.7
6265,Savièse,1863,23
6266,Sion,10109,28.4
6267,Veysonnaz,125,21
6281,Baltschieder,340,25.1
6282,Eisten,52,27.5
6283,Embd,53,18.5
6285,Grächen,264,20.8
6286,Lalden,209,29.6
6287,Randa,111,25.2
6288,Saas-Almagell,97,26.9
6289,Saas-Balen,83,22.6
6290,Saas-Fee,400,25.6
6291,Saas-Grund,208,20.7
6292,St. Niklaus,515,23
6293,Stalden (VS),258,23.4
6294,Staldenried,154,27.2
6295,Täsch,366,27.5
6296,Törbel,114,22.9
6297,Visp,2465,29.7
6298,Visperterminen,235,17.9
6299,Zeneggen,67,21.5
6300,Zermatt,1820,31.7
6404,Boudry,1670,26.6
6408,Cortaillod,1066,22.6
6413,Rochefort,279,21.2
6416,Milvignes,2150,23.3
6417,La Grande Béroche,1947,21.6
6421,La Chaux-de-Fonds,9602,26.3
6422,Les Planchettes,38,17.8
6423,La Sagne,252,23.6
6432,La Brévine,149,24.6
6433,Brot-Plamboz,59,20.9
6434,Le Cerneux-Péquignot,87,26.8
6435,La Chaux-du-Milieu,95,19.4
6436,Le Locle,2479,23.1
6437,Les Ponts-de-Martel,351,28.3
6451,Cornaux,459,28.1
6452,Cressier (NE),421,22.3
6453,Enges,52,19.3
6454,Hauterive (NE),701,26
6455,Le Landeron,991,21.2
6456,Lignières,217,21.6
6458,Neuchâtel,13448,30.2
6459,Saint-Blaise,741,22.6
6461,La Tène,1195,22.2
6487,Val-de-Ruz,4210,24.2
6504,La Côte-aux-Fées,100,20.4
6511,Les Verrières,137,21
6512,Val-de-Travers,2393,22.7
6601,Aire-la-Ville,208,18.2
6602,Anières,475,19.7
6603,Avully,434,25.4
6604,Avusy,285,20.7
6605,Bardonnex,538,21.3
6606,Bellevue,1183,29
6607,Bernex,2235,21.8
6608,Carouge (GE),6449,29.1
6609,Cartigny,204,20
6610,Céligny,177,20.9
6611,Chancy,367,22
6612,Chêne-Bougeries,3128,23.6
6613,Chêne-Bourg,2299,26
6614,Choulex,248,20.3
6615,Collex-Bossy,334,19.3
6616,Collonge-Bellerive,1679,19.8
6617,Cologny,1392,23.3
6618,Confignon,975,21.2
6619,Corsier (GE),446,19.7
6620,Dardagny,399,22.2
6621,Genève,63882,31.3
6622,Genthod,619,21.5
6623,Le Grand-Saconnex,2929,23.2
6624,Gy,118,23.6
6625,Hermance,236,19.8
6626,Jussy,240,20.1
6627,Laconnex,151,21.5
6628,Lancy,9421,27.2
6629,Meinier,428,20.7
6630,Meyrin,7425,28
6631,Onex,4620,24.6
6632,Perly-Certoux,764,24.3
6633,Plan-les-Ouates,3203,26.5
6634,Pregny-Chambésy,772,19.3
6635,Presinge,168,22.8
6636,Puplinge,600,23.7
6637,Russin,108,20.1
6638,Satigny,1004,22.6
6639,Soral,183,19
6640,Thônex,4235,26.3
6641,Troinex,554,21.3
6642,Vandoeuvres,667,23.4
6643,Vernier,10038,27.4
6644,Versoix,3016,22.6
6645,Veyrier,2389,20.1
6702,Boécourt,224,23.6
6703,Bourrignon,65,25.2
6704,Châtillon (JU),109,23.1
6706,Courchapoix,94,21.3
6708,Courrendlin,1010,27.4
6709,Courroux,812,24.5
6710,Courtételle,719,27.1
6711,Delémont,3108,24.6
6712,Develier,324,23.8
6713,Ederswiler,17,15.2
6715,Mervelier,114,21.8
6716,Mettembert,24,22.6
6718,Movelier,85,20
6719,Pleigne,76,21.7
6721,Rossemaison,205,28
6722,Saulcy,76,28.1
6724,Soyhières,120,28.8
6729,Haute-Sorne,1886,25.8
6730,Val Terbi,773,23.5
6741,Le Bémont (JU),69,22.4
6742,Les Bois,301,23.9
6743,Les Breuleux,382,25.1
6744,La Chaux-des-Breuleux,18,20.7
6745,Les Enfers,50,32.1
6748,Les Genevez (JU),116,22.7
6750,Lajoux (JU),168,23.8
6751,Montfaucon,110,20
6753,Muriaux,126,24.7
6754,Le Noirmont,506,26.6
6757,Saignelégier,602,23.4
6758,Saint-Brais,56,24.6
6759,Soubey,24,20.3
6771,Alle,440,23.4
6773,Beurnevésin,25,21.4
6774,Boncourt,216,17.9
6775,Bonfol,94,15
6778,Bure,111,17.6
6781,Coeuve,150,20.9
6782,Cornol,259,25.4
6783,Courchavon,67,22.9
6784,Courgenay,609,25
6785,Courtedoux,171,21.8
6787,Damphreux,39,21.2
6789,Fahy,62,18.6
6790,Fontenais,357,21.3
6792,Grandfontaine,85,21.7
6793,Lugnez,43,23.1
6800,Porrentruy,1546,24
6806,Vendlincourt,126,23.1
6807,Basse-Allaine,232,19.1
6808,Clos du Doubs,285,22.4
6809,Haute-Ajoie,213,20.2
6810,La Baroche,226,20.3